{"config": {"dataset": "data/dataset/256/nontrivial.jsonl", "table": "bge", "metric": "vector_cosine_ops", "embedder": "BAAI/bge-small-en", "normalize": true, "enrichment": "add_title", "batch_size": 16}, "averages": {"1.0": 9.5314062580809e-05, "0.99": 9.5314062580809e-05, "0.98": 9.5314062580809e-05, "0.97": 9.5314062580809e-05, "0.96": 9.5314062580809e-05, "0.95": 9.5314062580809e-05, "0.94": 9.5314062580809e-05, "0.93": 9.5314062580809e-05, "0.92": 9.5314062580809e-05, "0.91": 9.5314062580809e-05, "0.9": 9.5314062580809e-05, "0.89": 9.5314062580809e-05, "0.88": 9.5314062580809e-05, "0.87": 9.5314062580809e-05, "0.86": 9.5314062580809e-05, "0.85": 9.5314062580809e-05, "0.84": 9.5314062580809e-05, "0.83": 9.5314062580809e-05, "0.82": 9.5314062580809e-05, "0.81": 9.5314062580809e-05, "0.8": 9.5314062580809e-05, "0.79": 9.5314062580809e-05, "0.78": 9.5314062580809e-05, "0.77": 9.5314062580809e-05, "0.76": 9.5314062580809e-05, "0.75": 9.5314062580809e-05, "0.74": 9.5314062580809e-05, "0.73": 9.5314062580809e-05, "0.72": 9.5314062580809e-05, "0.71": 9.5314062580809e-05, "0.7": 9.5314062580809e-05, "0.69": 9.5314062580809e-05, "0.68": 9.5314062580809e-05, "0.67": 9.5314062580809e-05, "0.66": 9.5314062580809e-05, "0.65": 9.5314062580809e-05, "0.64": 9.5314062580809e-05, "0.63": 9.5314062580809e-05, "0.62": 9.5314062580809e-05, "0.61": 9.5314062580809e-05, "0.6": 9.5314062580809e-05, "0.59": 9.5314062580809e-05, "0.58": 9.5314062580809e-05, "0.57": 9.5314062580809e-05, "0.56": 9.5314062580809e-05, "0.55": 9.5314062580809e-05, "0.54": 9.5314062580809e-05, "0.53": 9.5314062580809e-05, "0.52": 9.5314062580809e-05, "0.51": 9.5314062580809e-05, "0.5": 9.5314062580809e-05, "0.49": 9.5314062580809e-05, "0.48": 9.5314062580809e-05, "0.47": 9.5314062580809e-05, "0.46": 9.5314062580809e-05, "0.45": 9.5314062580809e-05, "0.44": 9.5314062580809e-05, "0.43": 9.5314062580809e-05, "0.42": 9.5314062580809e-05, "0.41": 9.5314062580809e-05, "0.4": 9.5314062580809e-05, "0.39": 9.5314062580809e-05, "0.38": 9.5314062580809e-05, "0.37": 9.5314062580809e-05, "0.36": 9.5314062580809e-05, "0.35": 9.531414260019314e-05, "0.34": 9.531439422318451e-05, "0.33": 9.531489252611412e-05, "0.32": 9.531588413856937e-05, "0.31": 9.531844506057863e-05, "0.3": 9.532287284655894e-05, "0.29": 9.533166320743386e-05, "0.28": 9.534965345473622e-05, "0.27": 9.538539737504283e-05, "0.26": 9.545727779513399e-05, "0.25": 9.559626732858013e-05, "0.24": 9.585150969141971e-05, "0.23": 9.637145244252033e-05, "0.22": 9.746410063285337e-05, "0.21": 0.00010014910056101025, "0.2": 0.00010502667350688188, "0.19": 9.951989432075362e-05, "0.18": 0.00010573885362234457, "0.17": 0.00011854061215302498, "0.16": 0.00015826767035774538, "0.15": 0.0002523138204479937, "0.14": 0.000476666492477212, "0.13": 0.00165321441321117, "0.12": 0.0023805107772042733, "0.11": 0.005874003025807743, "0.1": 0.01429032586731546, "0.09": 0.01799213355924939, "0.08": 0.027024499204745752, "0.07": 0.04356822602563038, "0.06": 0.029242830599617783, "0.05": 0.010613757221638655, "0.04": 0.008138020833333332, "0.03": 0.005859375, "0.02": 0.0, "0.01": 0.0}}