{"config": {"dataset": "data/dataset/100/nontrivial.jsonl", "table": "lib", "target_column": "bert", "metric": "vector_cosine_ops", "embedder": "bert-base-uncased", "normalize": true, "enrichment": "identity", "batch_size": 16, "top_k": 10000}, "averages": {"1.0": 6.186475167548871e-05, "0.99": 6.186475167548871e-05, "0.98": 6.186475167548871e-05, "0.97": 6.186475167548871e-05, "0.96": 6.186475167548871e-05, "0.95": 6.186475167548871e-05, "0.94": 6.186475167548871e-05, "0.93": 6.186475167548871e-05, "0.92": 6.186475167548871e-05, "0.91": 6.186475167548871e-05, "0.9": 6.186475167548871e-05, "0.89": 6.186475167548871e-05, "0.88": 6.186475167548871e-05, "0.87": 6.186475167548871e-05, "0.86": 6.186475167548871e-05, "0.85": 6.186475167548871e-05, "0.84": 6.186475167548871e-05, "0.83": 6.186475167548871e-05, "0.82": 6.186475167548871e-05, "0.81": 6.186475167548871e-05, "0.8": 6.186475167548871e-05, "0.79": 6.186475167548871e-05, "0.78": 6.186475167548871e-05, "0.77": 6.186475167548871e-05, "0.76": 6.186475167548871e-05, "0.75": 6.186475167548871e-05, "0.74": 6.186475167548871e-05, "0.73": 6.186475167548871e-05, "0.72": 6.186475167548871e-05, "0.71": 6.186475167548871e-05, "0.7": 6.186475167548871e-05, "0.69": 6.186475167548871e-05, "0.68": 6.186475167548871e-05, "0.67": 6.186475167548871e-05, "0.66": 6.186475167548871e-05, "0.65": 6.186475167548871e-05, "0.64": 6.186475167548871e-05, "0.63": 6.186475167548871e-05, "0.62": 6.186475167548871e-05, "0.61": 6.186475167548871e-05, "0.6": 6.186475167548871e-05, "0.59": 6.186475167548871e-05, "0.58": 6.186475167548871e-05, "0.57": 6.186475167548871e-05, "0.56": 6.186475167548871e-05, "0.55": 6.186475167548871e-05, "0.54": 6.186475167548871e-05, "0.53": 6.186475167548871e-05, "0.52": 6.186475167548871e-05, "0.51": 6.186475167548871e-05, "0.5": 6.186475167548871e-05, "0.49": 6.186475167548871e-05, "0.48": 6.186475167548871e-05, "0.47": 6.186475167548871e-05, "0.46": 6.186475167548871e-05, "0.45": 6.186475167548871e-05, "0.44": 6.186475167548871e-05, "0.43": 6.186475167548871e-05, "0.42": 6.186475167548871e-05, "0.41": 6.186475167548871e-05, "0.4": 6.186475167548871e-05, "0.39": 6.186475167548871e-05, "0.38": 6.186475167548871e-05, "0.37": 6.186475167548871e-05, "0.36": 6.186475167548871e-05, "0.35": 6.186475167548871e-05, "0.34": 6.186475167548871e-05, "0.33": 6.186475167548871e-05, "0.32": 6.186475167548871e-05, "0.31": 6.186475167548871e-05, "0.3": 6.186475167548871e-05, "0.29": 6.186475167548871e-05, "0.28": 6.186475167548871e-05, "0.27": 6.186475167548871e-05, "0.26": 6.186475167548871e-05, "0.25": 6.224302564246339e-05, "0.24": 6.147858615118873e-05, "0.23": 6.269212481229512e-05, "0.22": 6.494249866770446e-05, "0.21": 6.364209786505068e-05, "0.2": 7.281320202341907e-05, "0.19": 0.00010554521709216481, "0.18": 8.34013003221206e-05, "0.17": 0.0002104779656866892, "0.16": 6.626142102319466e-05, "0.15": 8.712980655292857e-05, "0.14": 9.165284336584138e-05, "0.13": 0.00020027774510571555, "0.12": 0.00020510717342686147, "0.11": 0.0, "0.1": 0.0, "0.09": 0.0, "0.08": 0.0, "0.07": 0.0, "0.06": 0.0, "0.05": 0.0, "0.04": 0.0, "0.03": 0.0, "0.02": 0.0, "0.01": 0.0}, "avg_best_top_k": 1481.7525773195875, "avg_best_distance_threshold": 0.05670212765957423}