{"config": {"dataset": "data/dataset/small/nontrivial.jsonl", "table": "bert_hnsw", "metric": "vector_cosine_ops", "embedder": "bert-base-uncased", "normalize": false, "enrichment": "identity", "batch_size": 16}, "averages": {"1.0": 2.7734803847244555e-05, "0.99": 2.7734803847244555e-05, "0.98": 2.7734803847244555e-05, "0.97": 2.7734803847244555e-05, "0.96": 2.7734803847244555e-05, "0.95": 2.7734803847244555e-05, "0.94": 2.7734803847244555e-05, "0.93": 2.7734803847244555e-05, "0.92": 2.7734803847244555e-05, "0.91": 2.7734803847244555e-05, "0.9": 2.7734803847244555e-05, "0.89": 2.7734803847244555e-05, "0.88": 2.7734803847244555e-05, "0.87": 2.7734803847244555e-05, "0.86": 2.7734803847244555e-05, "0.85": 2.7734803847244555e-05, "0.84": 2.7734803847244555e-05, "0.83": 2.7734803847244555e-05, "0.82": 2.7734803847244555e-05, "0.81": 2.7734803847244555e-05, "0.8": 2.7734803847244555e-05, "0.79": 2.7734803847244555e-05, "0.78": 2.7734803847244555e-05, "0.77": 2.7734803847244555e-05, "0.76": 2.7734803847244555e-05, "0.75": 2.7734803847244555e-05, "0.74": 2.7734803847244555e-05, "0.73": 2.7734803847244555e-05, "0.72": 2.7734803847244555e-05, "0.71": 2.7734803847244555e-05, "0.7": 2.7734803847244555e-05, "0.69": 2.7734803847244555e-05, "0.68": 2.7734803847244555e-05, "0.67": 2.7734803847244555e-05, "0.66": 2.7734803847244555e-05, "0.65": 2.7734803847244555e-05, "0.64": 2.7734803847244555e-05, "0.63": 2.7734803847244555e-05, "0.62": 2.7734803847244555e-05, "0.61": 2.7734803847244555e-05, "0.6": 2.7734803847244555e-05, "0.59": 2.7734803847244555e-05, "0.58": 2.7734803847244555e-05, "0.57": 2.7734803847244555e-05, "0.56": 2.7734803847244555e-05, "0.55": 2.7734803847244555e-05, "0.54": 2.7734803847244555e-05, "0.53": 2.7734803847244555e-05, "0.52": 2.7734803847244555e-05, "0.51": 2.7734803847244555e-05, "0.5": 2.7734803847244555e-05, "0.49": 2.7734803847244555e-05, "0.48": 2.7734803847244555e-05, "0.47": 2.7734803847244555e-05, "0.46": 2.7734803847244555e-05, "0.45": 2.7734803847244555e-05, "0.44": 2.7734803847244555e-05, "0.43": 2.7734803847244555e-05, "0.42": 2.7734803847244555e-05, "0.41": 2.7734803847244555e-05, "0.4": 2.7734803847244555e-05, "0.39": 2.7734803847244555e-05, "0.38": 2.7734803847244555e-05, "0.37": 2.7734803847244555e-05, "0.36": 2.7734803847244555e-05, "0.35": 2.7734803847244555e-05, "0.34": 2.7734803847244555e-05, "0.33": 2.7734803847244555e-05, "0.32": 2.7734803847244555e-05, "0.31": 2.7734803847244555e-05, "0.3": 2.7734803847244555e-05, "0.29": 2.7734803847244555e-05, "0.28": 2.7734803847244555e-05, "0.27": 2.7734803847244555e-05, "0.26": 2.7734803847244555e-05, "0.25": 2.7734803847244555e-05, "0.24": 2.7734803847244555e-05, "0.23": 2.7734803847244555e-05, "0.22": 2.866091802063651e-05, "0.21": 3.184735447772259e-05, "0.2": 3.657385285222341e-05, "0.19": 5.605432421668847e-05, "0.18": 0.00018863617036465896, "0.17": 3.525434789139187e-05, "0.16": 3.951881223335109e-05, "0.15": 3.088952049400119e-05, "0.14": 3.532808264741835e-05, "0.13": 6.415594225728793e-05, "0.12": 2.3312196941439763e-05, "0.11": 0.0, "0.1": 0.0, "0.09": 0.0, "0.08": 0.0, "0.07": 0.0, "0.06": 0.0, "0.05": 0.0, "0.04": 0.0, "0.03": 0.0, "0.02": 0.0, "0.01": 0.0}}