{"config": {"dataset": "data/dataset/100/nontrivial.jsonl", "table": "lib", "target_column": "bge", "metric": "vector_cosine_ops", "embedder": "BAAI/bge-small-en", "normalize": true, "enrichment": "identity", "batch_size": 16, "top_k": 10000}, "averages": {"1.0": 0.00024527780411996865, "0.99": 0.00024527780411996865, "0.98": 0.00024527780411996865, "0.97": 0.00024527780411996865, "0.96": 0.00024527780411996865, "0.95": 0.00024527780411996865, "0.94": 0.00024527780411996865, "0.93": 0.00024527780411996865, "0.92": 0.00024527780411996865, "0.91": 0.00024527780411996865, "0.9": 0.00024527780411996865, "0.89": 0.00024527780411996865, "0.88": 0.00024527780411996865, "0.87": 0.00024527780411996865, "0.86": 0.00024527780411996865, "0.85": 0.00024527780411996865, "0.84": 0.00024527780411996865, "0.83": 0.00024527780411996865, "0.82": 0.00024527780411996865, "0.81": 0.00024527780411996865, "0.8": 0.00024527780411996865, "0.79": 0.00024527780411996865, "0.78": 0.00024527780411996865, "0.77": 0.00024527780411996865, "0.76": 0.00024527780411996865, "0.75": 0.00024527780411996865, "0.74": 0.00024527780411996865, "0.73": 0.00024527780411996865, "0.72": 0.00024527780411996865, "0.71": 0.00024527780411996865, "0.7": 0.00024527780411996865, "0.69": 0.00024527780411996865, "0.68": 0.00024527780411996865, "0.67": 0.00024527780411996865, "0.66": 0.00024527780411996865, "0.65": 0.00024527780411996865, "0.64": 0.00024527780411996865, "0.63": 0.00024527780411996865, "0.62": 0.00024527780411996865, "0.61": 0.00024527780411996865, "0.6": 0.00024527780411996865, "0.59": 0.00024527780411996865, "0.58": 0.00024527780411996865, "0.57": 0.00024527780411996865, "0.56": 0.00024527780411996865, "0.55": 0.00024527780411996865, "0.54": 0.00024527780411996865, "0.53": 0.00024527780411996865, "0.52": 0.00024527780411996865, "0.51": 0.00024527780411996865, "0.5": 0.00024527780411996865, "0.49": 0.00024527780411996865, "0.48": 0.00024527780411996865, "0.47": 0.00024527780411996865, "0.46": 0.00024527780411996865, "0.45": 0.00024527780411996865, "0.44": 0.00024527780411996865, "0.43": 0.00024527780411996865, "0.42": 0.00024527780411996865, "0.41": 0.00024527780411996865, "0.4": 0.00024527780411996865, "0.39": 0.00024527780411996865, "0.38": 0.00024527780411996865, "0.37": 0.00024527780411996865, "0.36": 0.00024527780411996865, "0.35": 0.00024527780411996865, "0.34": 0.00024527780411996865, "0.33": 0.00024527780411996865, "0.32": 0.00024527780411996865, "0.31": 0.00024527780411996865, "0.3": 0.00024527780411996865, "0.29": 0.00024527780411996865, "0.28": 0.00024527780411996865, "0.27": 0.00024527780411996865, "0.26": 0.00024527780411996865, "0.25": 0.00024527780411996865, "0.24": 0.00024527780411996865, "0.23": 0.0002476026637678447, "0.22": 0.00028813312865025374, "0.21": 0.00037155988373994964, "0.2": 0.0006629351751152409, "0.19": 0.0020243325220391044, "0.18": 0.008059497299263165, "0.17": 0.0003128197634785854, "0.16": 0.00026056979943992994, "0.15": 0.0006427847801631002, "0.14": 0.002575877865545019, "0.13": 0.0075713179771195625, "0.12": 0.000300851601802053, "0.11": 0.0015875739307795057, "0.1": 0.006433823529411764, "0.09": 0.0390625, "0.08": 0.0, "0.07": 0.0, "0.06": 0.0, "0.05": 0.0, "0.04": 0.0, "0.03": 0.0, "0.02": 0.0, "0.01": 0.0}}