{"config": {"dataset": "data/dataset/100/nontrivial.jsonl", "table": "lib", "target_column": "bge", "metric": "vector_cosine_ops", "embedder": "BAAI/bge-small-en", "normalize": true, "enrichment": "identity", "batch_size": 16, "top_k": 10000}, "averages": {"1.0": 0.0002965482152918761, "0.99": 0.0002965482152918761, "0.98": 0.0002965482152918761, "0.97": 0.0002965482152918761, "0.96": 0.0002965482152918761, "0.95": 0.0002965482152918761, "0.94": 0.0002965482152918761, "0.93": 0.0002965482152918761, "0.92": 0.0002965482152918761, "0.91": 0.0002965482152918761, "0.9": 0.0002965482152918761, "0.89": 0.0002965482152918761, "0.88": 0.0002965482152918761, "0.87": 0.0002965482152918761, "0.86": 0.0002965482152918761, "0.85": 0.0002965482152918761, "0.84": 0.0002965482152918761, "0.83": 0.0002965482152918761, "0.82": 0.0002965482152918761, "0.81": 0.0002965482152918761, "0.8": 0.0002965482152918761, "0.79": 0.0002965482152918761, "0.78": 0.0002965482152918761, "0.77": 0.0002965482152918761, "0.76": 0.0002965482152918761, "0.75": 0.0002965482152918761, "0.74": 0.0002965482152918761, "0.73": 0.0002965482152918761, "0.72": 0.0002965482152918761, "0.71": 0.0002965482152918761, "0.7": 0.0002965482152918761, "0.69": 0.0002965482152918761, "0.68": 0.0002965482152918761, "0.67": 0.0002965482152918761, "0.66": 0.0002965482152918761, "0.65": 0.0002965482152918761, "0.64": 0.0002965482152918761, "0.63": 0.0002965482152918761, "0.62": 0.0002965482152918761, "0.61": 0.0002965482152918761, "0.6": 0.0002965482152918761, "0.59": 0.0002965482152918761, "0.58": 0.0002965482152918761, "0.57": 0.0002965482152918761, "0.56": 0.0002965482152918761, "0.55": 0.0002965482152918761, "0.54": 0.0002965482152918761, "0.53": 0.0002965482152918761, "0.52": 0.0002965482152918761, "0.51": 0.0002965482152918761, "0.5": 0.0002965482152918761, "0.49": 0.0002965482152918761, "0.48": 0.0002965482152918761, "0.47": 0.0002965482152918761, "0.46": 0.0002965482152918761, "0.45": 0.0002965482152918761, "0.44": 0.0002965482152918761, "0.43": 0.0002965482152918761, "0.42": 0.0002965482152918761, "0.41": 0.0002965482152918761, "0.4": 0.0002965482152918761, "0.39": 0.0002965482152918761, "0.38": 0.0002965482152918761, "0.37": 0.0002965482152918761, "0.36": 0.0002965482152918761, "0.35": 0.0002965482152918761, "0.34": 0.0002965482152918761, "0.33": 0.0002965482152918761, "0.32": 0.0002965482152918761, "0.31": 0.0002965482152918761, "0.3": 0.0002965482152918761, "0.29": 0.0002965482152918761, "0.28": 0.0002965490285947789, "0.27": 0.0002965490285947789, "0.26": 0.0002965832222247208, "0.25": 0.0002980189685692593, "0.24": 0.0003063548747582644, "0.23": 0.00033250243098876907, "0.22": 0.00040902438165821666, "0.21": 0.0006863610502583271, "0.2": 0.0009948008728253481, "0.19": 0.002881721714551268, "0.18": 0.010970160864481639, "0.17": 0.008442029932089617, "0.16": 0.007505611397905015, "0.15": 0.029402511923472856, "0.14": 0.016558591032249152, "0.13": 0.017755829730128687, "0.12": 0.01516359160954313, "0.11": 0.017572423057554114, "0.1": 0.007315457728019138, "0.09": 0.01078810055658235, "0.08": 0.02043534940511684, "0.07": 0.01, "0.06": 0.0, "0.05": 0.0, "0.04": 0.0, "0.03": 0.0, "0.02": 0.0, "0.01": 0.0}}