{"config": {"dataset": "data/dataset/split/train.jsonl", "table": "lib", "target_column": "bge_norm", "metric": "vector_cosine_ops", "embedder": "BAAI/bge-small-en", "normalize": true, "enrichment": "identity", "batch_size": 16, "top_k": 1000}, "averages": {"1.0": 0.017185303210963537, "0.99": 0.017185303210963537, "0.98": 0.017185303210963537, "0.97": 0.017185303210963537, "0.96": 0.017185303210963537, "0.95": 0.017185303210963537, "0.94": 0.017185303210963537, "0.93": 0.017185303210963537, "0.92": 0.017185303210963537, "0.91": 0.017185303210963537, "0.9": 0.017185303210963537, "0.89": 0.017185303210963537, "0.88": 0.017185303210963537, "0.87": 0.017185303210963537, "0.86": 0.017185303210963537, "0.85": 0.017185303210963537, "0.84": 0.017185303210963537, "0.83": 0.017185303210963537, "0.82": 0.017185303210963537, "0.81": 0.017185303210963537, "0.8": 0.017185303210963537, "0.79": 0.017185303210963537, "0.78": 0.017185303210963537, "0.77": 0.017185303210963537, "0.76": 0.017185303210963537, "0.75": 0.017185303210963537, "0.74": 0.017185303210963537, "0.73": 0.017185303210963537, "0.72": 0.017185303210963537, "0.71": 0.017185303210963537, "0.7": 0.017185303210963537, "0.69": 0.017185303210963537, "0.68": 0.017185303210963537, "0.67": 0.017185303210963537, "0.66": 0.017185303210963537, "0.65": 0.017185303210963537, "0.64": 0.017185303210963537, "0.63": 0.017185303210963537, "0.62": 0.017185303210963537, "0.61": 0.017185303210963537, "0.6": 0.017185303210963537, "0.59": 0.017185303210963537, "0.58": 0.017185303210963537, "0.57": 0.017185303210963537, "0.56": 0.017185303210963537, "0.55": 0.017185303210963537, "0.54": 0.017185303210963537, "0.53": 0.017185303210963537, "0.52": 0.017185303210963537, "0.51": 0.017185303210963537, "0.5": 0.017185303210963537, "0.49": 0.017185303210963537, "0.48": 0.017185303210963537, "0.47": 0.017185303210963537, "0.46": 0.017185303210963537, "0.45": 0.017185303210963537, "0.44": 0.017185303210963537, "0.43": 0.017185303210963537, "0.42": 0.017185303210963537, "0.41": 0.017185303210963537, "0.4": 0.017185303210963537, "0.39": 0.017185303210963537, "0.38": 0.017185303210963537, "0.37": 0.017185303210963537, "0.36": 0.017185303210963537, "0.35": 0.017185303210963537, "0.34": 0.017185303210963537, "0.33": 0.017185303210963537, "0.32": 0.017185303210963537, "0.31": 0.017185303210963537, "0.3": 0.017185303210963537, "0.29": 0.017185303210963537, "0.28": 0.017185303210963537, "0.27": 0.017185303210963537, "0.26": 0.017185303210963537, "0.25": 0.017185303210963537, "0.24": 0.017185303210963537, "0.23": 0.017185303210963537, "0.22": 0.017185303210963537, "0.21": 0.017185303210963537, "0.2": 0.017185303210963537, "0.19": 0.017185303210963537, "0.18": 0.01723242279103384, "0.17": 0.01682674462461948, "0.16": 0.016883745457804526, "0.15": 0.019344635187063856, "0.14": 0.02336215516648402, "0.13": 0.015971973938434164, "0.12": 0.018160349174270826, "0.11": 0.017566680775769502, "0.1": 0.02206260692815066, "0.09": 0.024148549501534746, "0.08": 0.025816774998299256, "0.07": 0.017432523430997122, "0.06": 0.014144512610770281, "0.05": 0.005806310254163015, "0.04": 0.0, "0.03": 0.0, "0.02": 0.0, "0.01": 0.0}, "avg_best_top_k": 8.340490797546012, "avg_best_distance_threshold": 0.02374233128834337}