{"config": {"dataset": "data/dataset/100/nontrivial.jsonl", "table": "lib", "target_column": "astrobert", "metric": "vector_cosine_ops", "embedder": "adsabs/astroBERT", "normalize": true, "enrichment": "add_title", "batch_size": 16, "top_k": 10000}, "averages": {"1.0": 5.881754835965896e-05, "0.99": 5.881754835965896e-05, "0.98": 5.881754835965896e-05, "0.97": 5.881754835965896e-05, "0.96": 5.881754835965896e-05, "0.95": 5.881754835965896e-05, "0.94": 5.881754835965896e-05, "0.93": 5.881754835965896e-05, "0.92": 5.881754835965896e-05, "0.91": 5.881754835965896e-05, "0.9": 5.881754835965896e-05, "0.89": 5.881754835965896e-05, "0.88": 5.881754835965896e-05, "0.87": 5.881754835965896e-05, "0.86": 5.881754835965896e-05, "0.85": 5.881754835965896e-05, "0.84": 5.881754835965896e-05, "0.83": 5.881754835965896e-05, "0.82": 5.881754835965896e-05, "0.81": 5.881754835965896e-05, "0.8": 5.881754835965896e-05, "0.79": 5.881754835965896e-05, "0.78": 5.881754835965896e-05, "0.77": 5.881754835965896e-05, "0.76": 5.881754835965896e-05, "0.75": 5.881754835965896e-05, "0.74": 5.881754835965896e-05, "0.73": 5.881754835965896e-05, "0.72": 5.881754835965896e-05, "0.71": 5.881754835965896e-05, "0.7": 5.881754835965896e-05, "0.69": 5.881754835965896e-05, "0.68": 5.881754835965896e-05, "0.67": 5.881754835965896e-05, "0.66": 5.881754835965896e-05, "0.65": 5.881754835965896e-05, "0.64": 5.881754835965896e-05, "0.63": 5.881754835965896e-05, "0.62": 5.881754835965896e-05, "0.61": 5.881754835965896e-05, "0.6": 5.881754835965896e-05, "0.59": 5.881754835965896e-05, "0.58": 5.881754835965896e-05, "0.57": 5.881754835965896e-05, "0.56": 5.881754835965896e-05, "0.55": 5.881754835965896e-05, "0.54": 5.881754835965896e-05, "0.53": 5.881754835965896e-05, "0.52": 5.881754835965896e-05, "0.51": 5.881754835965896e-05, "0.5": 5.881754835965896e-05, "0.49": 5.881754835965896e-05, "0.48": 5.881754835965896e-05, "0.47": 5.881754835965896e-05, "0.46": 5.881754835965896e-05, "0.45": 5.881754835965896e-05, "0.44": 5.881754835965896e-05, "0.43": 5.881754835965896e-05, "0.42": 5.881754835965896e-05, "0.41": 5.881754835965896e-05, "0.4": 5.881754835965896e-05, "0.39": 5.881754835965896e-05, "0.38": 5.881754835965896e-05, "0.37": 5.881754835965896e-05, "0.36": 5.881754835965896e-05, "0.35": 5.881754835965896e-05, "0.34": 5.881754835965896e-05, "0.33": 5.881754835965896e-05, "0.32": 5.881754835965896e-05, "0.31": 5.881754835965896e-05, "0.3": 5.881754835965896e-05, "0.29": 5.709519217640026e-05, "0.28": 5.709519217640026e-05, "0.27": 5.766057312843315e-05, "0.26": 5.227999829257999e-05, "0.25": 5.74271317860891e-05, "0.24": 6.531170967277768e-05, "0.23": 6.574533385618165e-05, "0.22": 8.274179981446525e-05, "0.21": 0.00013942982185967956, "0.2": 0.0002039174621790199, "0.19": 0.00029850321434169705, "0.18": 0.0006141763822190517, "0.17": 0.00029962391602326397, "0.16": 0.0008893500116904373, "0.15": 0.0003945557424682673, "0.14": 0.0, "0.13": 0.0, "0.12": 0.0, "0.11": 0.0, "0.1": 0.0, "0.09": 0.0, "0.08": 0.0, "0.07": 0.0, "0.06": 0.0, "0.05": 0.0, "0.04": 0.0, "0.03": 0.0, "0.02": 0.0, "0.01": 0.0}, "avg_best_top_k": 1150.6122448979593, "avg_best_distance_threshold": 0.06458333333333312}