{"config": {"dataset": "data/dataset/100/nontrivial.jsonl", "table": "lib", "target_column": "astrobert", "metric": "vector_cosine_ops", "embedder": "adsabs/astroBERT", "normalize": true, "enrichment": "add_prev_7", "batch_size": 16, "top_k": 10000}, "averages": {"1.0": 0.0002235263975196531, "0.99": 0.0002235263975196531, "0.98": 0.0002235263975196531, "0.97": 0.0002235263975196531, "0.96": 0.0002235263975196531, "0.95": 0.0002235263975196531, "0.94": 0.0002235263975196531, "0.93": 0.0002235263975196531, "0.92": 0.0002235263975196531, "0.91": 0.0002235263975196531, "0.9": 0.0002235263975196531, "0.89": 0.0002235263975196531, "0.88": 0.0002235263975196531, "0.87": 0.0002235263975196531, "0.86": 0.0002235263975196531, "0.85": 0.0002235263975196531, "0.84": 0.0002235263975196531, "0.83": 0.0002235263975196531, "0.82": 0.0002235263975196531, "0.81": 0.0002235263975196531, "0.8": 0.0002235263975196531, "0.79": 0.0002235263975196531, "0.78": 0.0002235263975196531, "0.77": 0.0002235263975196531, "0.76": 0.0002235263975196531, "0.75": 0.0002235263975196531, "0.74": 0.0002235263975196531, "0.73": 0.0002235263975196531, "0.72": 0.0002235263975196531, "0.71": 0.0002235263975196531, "0.7": 0.0002235263975196531, "0.69": 0.0002235263975196531, "0.68": 0.0002235263975196531, "0.67": 0.0002235263975196531, "0.66": 0.0002235263975196531, "0.65": 0.0002235263975196531, "0.64": 0.0002235263975196531, "0.63": 0.0002235263975196531, "0.62": 0.0002235263975196531, "0.61": 0.0002235263975196531, "0.6": 0.0002235263975196531, "0.59": 0.0002235263975196531, "0.58": 0.0002235263975196531, "0.57": 0.0002235263975196531, "0.56": 0.0002235263975196531, "0.55": 0.0002235263975196531, "0.54": 0.0002235263975196531, "0.53": 0.0002235263975196531, "0.52": 0.0002235263975196531, "0.51": 0.0002235263975196531, "0.5": 0.0002235263975196531, "0.49": 0.0002235263975196531, "0.48": 0.0002235263975196531, "0.47": 0.0002235263975196531, "0.46": 0.0002235263975196531, "0.45": 0.0002235263975196531, "0.44": 0.0002235263975196531, "0.43": 0.0002235263975196531, "0.42": 0.0002235263975196531, "0.41": 0.0002235263975196531, "0.4": 0.0002235263975196531, "0.39": 0.0002235263975196531, "0.38": 0.0002235263975196531, "0.37": 0.0002235263975196531, "0.36": 0.0002235263975196531, "0.35": 0.0002235263975196531, "0.34": 0.0002235263975196531, "0.33": 0.0002235263975196531, "0.32": 0.0002235263975196531, "0.31": 0.0002235263975196531, "0.3": 0.00022373935954233493, "0.29": 0.0002252288667351521, "0.28": 0.00022799559505931968, "0.27": 0.00023410256348572304, "0.26": 0.00024344210763254707, "0.25": 0.0002582706585611169, "0.24": 0.0002690422183963792, "0.23": 0.0003019761076114151, "0.22": 0.0003725093808812796, "0.21": 0.0005364745804924165, "0.2": 0.0005118681546148148, "0.19": 0.0007358042218364937, "0.18": 0.0011130511428326427, "0.17": 0.0009110267419447823, "0.16": 0.0012404515596823667, "0.15": 0.0019470362590343297, "0.14": 0.003306570940487669, "0.13": 0.003995182350553487, "0.12": 0.004594369095299461, "0.11": 0.004491738167487496, "0.1": 0.005545873558478725, "0.09": 0.004106973995271867, "0.08": 3.367003367003367e-05, "0.07": 5.1546391752577315e-05, "0.06": 8.620689655172413e-05, "0.05": 0.00022222222222222223, "0.04": 0.002, "0.03": 0.0, "0.02": 0.0, "0.01": 0.0}, "avg_best_top_k": 952.530612244898, "avg_best_distance_threshold": 0.10718749999999945}