{"config": {"dataset": "data/dataset/100/nontrivial.jsonl", "table": "lib", "target_column": "astrobert", "metric": "vector_cosine_ops", "embedder": "adsabs/astroBERT", "normalize": true, "enrichment": "add_abstract_prev_3", "batch_size": 16, "top_k": 10000}, "averages": {"1.0": 0.00014073466332399095, "0.99": 0.00014073466332399095, "0.98": 0.00014073466332399095, "0.97": 0.00014073466332399095, "0.96": 0.00014073466332399095, "0.95": 0.00014073466332399095, "0.94": 0.00014073466332399095, "0.93": 0.00014073466332399095, "0.92": 0.00014073466332399095, "0.91": 0.00014073466332399095, "0.9": 0.00014073466332399095, "0.89": 0.00014073466332399095, "0.88": 0.00014073466332399095, "0.87": 0.00014073466332399095, "0.86": 0.00014073466332399095, "0.85": 0.00014073466332399095, "0.84": 0.00014073466332399095, "0.83": 0.00014073466332399095, "0.82": 0.00014073466332399095, "0.81": 0.00014073466332399095, "0.8": 0.00014073466332399095, "0.79": 0.00014073466332399095, "0.78": 0.00014073466332399095, "0.77": 0.00014073466332399095, "0.76": 0.00014073466332399095, "0.75": 0.00014073466332399095, "0.74": 0.00014073466332399095, "0.73": 0.00014073466332399095, "0.72": 0.00014073466332399095, "0.71": 0.00014073466332399095, "0.7": 0.00014073466332399095, "0.69": 0.00014073466332399095, "0.68": 0.00014073466332399095, "0.67": 0.00014073466332399095, "0.66": 0.00014073466332399095, "0.65": 0.00014073466332399095, "0.64": 0.00014073466332399095, "0.63": 0.00014073466332399095, "0.62": 0.00014073466332399095, "0.61": 0.00014073466332399095, "0.6": 0.00014073466332399095, "0.59": 0.00014073466332399095, "0.58": 0.00014073466332399095, "0.57": 0.00014073466332399095, "0.56": 0.00014073466332399095, "0.55": 0.00014073466332399095, "0.54": 0.00014073466332399095, "0.53": 0.00014073466332399095, "0.52": 0.00014073466332399095, "0.51": 0.00014073466332399095, "0.5": 0.00014073466332399095, "0.49": 0.00014073466332399095, "0.48": 0.00014073466332399095, "0.47": 0.00014073466332399095, "0.46": 0.00014073466332399095, "0.45": 0.00014073466332399095, "0.44": 0.00014073466332399095, "0.43": 0.00014073466332399095, "0.42": 0.00014073466332399095, "0.41": 0.00014073466332399095, "0.4": 0.00014073466332399095, "0.39": 0.00014073466332399095, "0.38": 0.00014073466332399095, "0.37": 0.00014073466332399095, "0.36": 0.00014073466332399095, "0.35": 0.00014168424025828977, "0.34": 0.00014418120013734534, "0.33": 0.00014655889562057998, "0.32": 0.0001549821529515488, "0.31": 0.00016860073411645903, "0.3": 0.0001939333212566861, "0.29": 0.00023012592626690893, "0.28": 0.0003162124544999173, "0.27": 0.0004641360177725236, "0.26": 0.0007373933641681035, "0.25": 0.0013009085133131309, "0.24": 0.0016862909982327352, "0.23": 0.0009565414231483241, "0.22": 0.0009847866955697319, "0.21": 0.0006873090706749337, "0.2": 0.0007715228400555749, "0.19": 0.0008611068746478059, "0.18": 0.0013999612303757585, "0.17": 0.004209543440219454, "0.16": 0.00022164880481509566, "0.15": 0.00033372334861168614, "0.14": 1.7085873983739838e-05, "0.13": 2.3752969121140145e-05, "0.12": 4.2372881355932206e-05, "0.11": 8.474576271186441e-05, "0.1": 0.0, "0.09": 0.0, "0.08": 0.0, "0.07": 0.0, "0.06": 0.0, "0.05": 0.0, "0.04": 0.0, "0.03": 0.0, "0.02": 0.0, "0.01": 0.0}, "avg_best_top_k": 1718.795918367347, "avg_best_distance_threshold": 0.15354166666666622}