{"config": {"dataset": "data/dataset/100/nontrivial.jsonl", "table": "lib", "target_column": "bert", "metric": "vector_cosine_ops", "embedder": "bert-base-uncased", "normalize": true, "enrichment": "add_title_prev_3", "batch_size": 16, "top_k": 10000}, "averages": {"1.0": 8.456525895057285e-05, "0.99": 8.456525895057285e-05, "0.98": 8.456525895057285e-05, "0.97": 8.456525895057285e-05, "0.96": 8.456525895057285e-05, "0.95": 8.456525895057285e-05, "0.94": 8.456525895057285e-05, "0.93": 8.456525895057285e-05, "0.92": 8.456525895057285e-05, "0.91": 8.456525895057285e-05, "0.9": 8.456525895057285e-05, "0.89": 8.456525895057285e-05, "0.88": 8.456525895057285e-05, "0.87": 8.456525895057285e-05, "0.86": 8.456525895057285e-05, "0.85": 8.456525895057285e-05, "0.84": 8.456525895057285e-05, "0.83": 8.456525895057285e-05, "0.82": 8.456525895057285e-05, "0.81": 8.456525895057285e-05, "0.8": 8.456525895057285e-05, "0.79": 8.456525895057285e-05, "0.78": 8.456525895057285e-05, "0.77": 8.456525895057285e-05, "0.76": 8.456525895057285e-05, "0.75": 8.456525895057285e-05, "0.74": 8.456525895057285e-05, "0.73": 8.456525895057285e-05, "0.72": 8.456525895057285e-05, "0.71": 8.456525895057285e-05, "0.7": 8.456525895057285e-05, "0.69": 8.456525895057285e-05, "0.68": 8.456525895057285e-05, "0.67": 8.456525895057285e-05, "0.66": 8.456525895057285e-05, "0.65": 8.456525895057285e-05, "0.64": 8.456525895057285e-05, "0.63": 8.456525895057285e-05, "0.62": 8.456525895057285e-05, "0.61": 8.456525895057285e-05, "0.6": 8.456525895057285e-05, "0.59": 8.456525895057285e-05, "0.58": 8.456525895057285e-05, "0.57": 8.456525895057285e-05, "0.56": 8.456525895057285e-05, "0.55": 8.456525895057285e-05, "0.54": 8.456525895057285e-05, "0.53": 8.456525895057285e-05, "0.52": 8.456525895057285e-05, "0.51": 8.456525895057285e-05, "0.5": 8.456525895057285e-05, "0.49": 8.456525895057285e-05, "0.48": 8.456525895057285e-05, "0.47": 8.456525895057285e-05, "0.46": 8.456525895057285e-05, "0.45": 8.456525895057285e-05, "0.44": 8.456525895057285e-05, "0.43": 8.456525895057285e-05, "0.42": 8.456525895057285e-05, "0.41": 8.456525895057285e-05, "0.4": 8.456525895057285e-05, "0.39": 8.456525895057285e-05, "0.38": 8.456525895057285e-05, "0.37": 8.456525895057285e-05, "0.36": 8.456525895057285e-05, "0.35": 8.456525895057285e-05, "0.34": 8.456525895057285e-05, "0.33": 8.456525895057285e-05, "0.32": 8.456525895057285e-05, "0.31": 8.456525895057285e-05, "0.3": 8.456525895057285e-05, "0.29": 8.456525895057285e-05, "0.28": 8.456525895057285e-05, "0.27": 8.456525895057285e-05, "0.26": 8.456525895057285e-05, "0.25": 8.456525895057285e-05, "0.24": 8.456525895057285e-05, "0.23": 8.456525895057285e-05, "0.22": 8.456525895057285e-05, "0.21": 8.456525895057285e-05, "0.2": 8.462334977046878e-05, "0.19": 8.560208301901043e-05, "0.18": 8.957872062457497e-05, "0.17": 0.00010147160982739418, "0.16": 0.00011399484930792864, "0.15": 0.00015431175895514143, "0.14": 0.00018793964969422312, "0.13": 0.00042906948784156946, "0.12": 0.000633863420393514, "0.11": 0.00013123133440887417, "0.1": 0.0002537240329178699, "0.09": 2.840909090909091e-05, "0.08": 0.0, "0.07": 0.0, "0.06": 0.0, "0.05": 0.0, "0.04": 0.0, "0.03": 0.0, "0.02": 0.0, "0.01": 0.0}, "avg_best_top_k": 1397.7989949748744, "avg_best_distance_threshold": 0.06141414141414102}