{
  "config": {
    "dataset": "data/dataset/split/train.jsonl",
    "table": "lib",
    "target_column": "astrobert",
    "metric": "vector_cosine_ops",
    "embedder": "adsabs/astroBERT",
    "normalize": false,
    "enrichment": "identity",
    "batch_size": 16,
    "top_k": 1000
  },
  "averages": {
    "1.0": 0.0014782885988891803,
    "0.99": 0.0014782885988891803,
    "0.98": 0.0014782885988891803,
    "0.97": 0.0014782885988891803,
    "0.96": 0.0014782885988891803,
    "0.95": 0.0014782885988891803,
    "0.94": 0.0014782885988891803,
    "0.93": 0.0014782885988891803,
    "0.92": 0.0014782885988891803,
    "0.91": 0.0014782885988891803,
    "0.9": 0.0014782885988891803,
    "0.89": 0.0014782885988891803,
    "0.88": 0.0014782885988891803,
    "0.87": 0.0014782885988891803,
    "0.86": 0.0014782885988891803,
    "0.85": 0.0014782885988891803,
    "0.84": 0.0014782885988891803,
    "0.83": 0.0014782885988891803,
    "0.82": 0.0014782885988891803,
    "0.81": 0.0014782885988891803,
    "0.8": 0.0014782885988891803,
    "0.79": 0.0014782885988891803,
    "0.78": 0.0014782885988891803,
    "0.77": 0.0014782885988891803,
    "0.76": 0.0014782885988891803,
    "0.75": 0.0014782885988891803,
    "0.74": 0.0014782885988891803,
    "0.73": 0.0014782885988891803,
    "0.72": 0.0014782885988891803,
    "0.71": 0.0014782885988891803,
    "0.7": 0.0014782885988891803,
    "0.69": 0.0014782885988891803,
    "0.68": 0.0014782885988891803,
    "0.67": 0.0014782885988891803,
    "0.66": 0.0014782885988891803,
    "0.65": 0.0014782885988891803,
    "0.64": 0.0014782885988891803,
    "0.63": 0.0014782885988891803,
    "0.62": 0.0014782885988891803,
    "0.61": 0.0014782885988891803,
    "0.6": 0.0014782885988891803,
    "0.59": 0.0014782885988891803,
    "0.58": 0.0014782885988891803,
    "0.57": 0.0014782885988891803,
    "0.56": 0.0014782885988891803,
    "0.55": 0.0014782885988891803,
    "0.54": 0.0014782885988891803,
    "0.53": 0.0014782885988891803,
    "0.52": 0.0014782885988891803,
    "0.51": 0.0014782885988891803,
    "0.5": 0.0014782885988891803,
    "0.49": 0.0014782885988891803,
    "0.48": 0.0014782885988891803,
    "0.47": 0.0014782885988891803,
    "0.46": 0.0014782885988891803,
    "0.45": 0.0014782885988891803,
    "0.44": 0.0014782885988891803,
    "0.43": 0.0014782885988891803,
    "0.42": 0.0014782885988891803,
    "0.41": 0.0014782885988891803,
    "0.4": 0.0014782885988891803,
    "0.39": 0.0014782885988891803,
    "0.38": 0.0014782885988891803,
    "0.37": 0.0014782885988891803,
    "0.36": 0.0014782885988891803,
    "0.35": 0.0014782885988891803,
    "0.34": 0.0014782885988891803,
    "0.33": 0.0014782885988891803,
    "0.32": 0.0014782885988891803,
    "0.31": 0.0014782885988891803,
    "0.3": 0.0014782885988891803,
    "0.29": 0.0014782885988891803,
    "0.28": 0.0014782885988891803,
    "0.27": 0.0014782885988891803,
    "0.26": 0.0014782885988891803,
    "0.25": 0.0014782885988891803,
    "0.24": 0.0014782885988891803,
    "0.23": 0.0014782885988891803,
    "0.22": 0.0014782885988891803,
    "0.21": 0.0014782885988891803,
    "0.2": 0.0014782885988891803,
    "0.19": 0.0014782885988891803,
    "0.18": 0.0014782885988891803,
    "0.17": 0.0014782885988891803,
    "0.16": 0.0014997395405855207,
    "0.15": 0.001667056885816976,
    "0.14": 0.002435613482594432,
    "0.13": 0.005122545536655966,
    "0.12": 0.0013276505032640002,
    "0.11": 0.0011875646461536032,
    "0.1": 0.0004382120946538124,
    "0.09": 0.0015337423312883436,
    "0.08": 0.0,
    "0.07": 0.0,
    "0.06": 0.0,
    "0.05": 0.0,
    "0.04": 0.0,
    "0.03": 0.0,
    "0.02": 0.0,
    "0.01": 0.0
  },
  "avg_best_top_k": 2.079754601226994,
  "avg_best_distance_threshold": 0.003036809815950901
}
