{"config": {"dataset": "data/dataset/100/nontrivial.jsonl", "table": "lib", "target_column": "bge_norm", "metric": "vector_cosine_ops", "embedder": "BAAI/bge-small-en", "normalize": true, "enrichment": "add_prev_7", "batch_size": 16, "top_k": 10000}, "averages": {"1.0": 0.00041509479331345434, "0.99": 0.00041509479331345434, "0.98": 0.00041509479331345434, "0.97": 0.00041509479331345434, "0.96": 0.00041509479331345434, "0.95": 0.00041509479331345434, "0.94": 0.00041509479331345434, "0.93": 0.00041509479331345434, "0.92": 0.00041509479331345434, "0.91": 0.00041509479331345434, "0.9": 0.00041509479331345434, "0.89": 0.00041509479331345434, "0.88": 0.00041509479331345434, "0.87": 0.00041509479331345434, "0.86": 0.00041509479331345434, "0.85": 0.00041509479331345434, "0.84": 0.00041509479331345434, "0.83": 0.00041509479331345434, "0.82": 0.00041509479331345434, "0.81": 0.00041509479331345434, "0.8": 0.00041509479331345434, "0.79": 0.00041509479331345434, "0.78": 0.00041509479331345434, "0.77": 0.00041509479331345434, "0.76": 0.00041509479331345434, "0.75": 0.00041509479331345434, "0.74": 0.00041509479331345434, "0.73": 0.00041509479331345434, "0.72": 0.00041509479331345434, "0.71": 0.00041509479331345434, "0.7": 0.00041509479331345434, "0.69": 0.00041509479331345434, "0.68": 0.00041509479331345434, "0.67": 0.00041509479331345434, "0.66": 0.00041509479331345434, "0.65": 0.00041509479331345434, "0.64": 0.00041509479331345434, "0.63": 0.00041509479331345434, "0.62": 0.00041509479331345434, "0.61": 0.00041509479331345434, "0.6": 0.00041509479331345434, "0.59": 0.00041509479331345434, "0.58": 0.00041509479331345434, "0.57": 0.00041509479331345434, "0.56": 0.00041509479331345434, "0.55": 0.00041509479331345434, "0.54": 0.00041509479331345434, "0.53": 0.00041509479331345434, "0.52": 0.00041509479331345434, "0.51": 0.00041509479331345434, "0.5": 0.00041509479331345434, "0.49": 0.00041509479331345434, "0.48": 0.00041509479331345434, "0.47": 0.00041509479331345434, "0.46": 0.00041509479331345434, "0.45": 0.00041509479331345434, "0.44": 0.00041509479331345434, "0.43": 0.00041509479331345434, "0.42": 0.00041509479331345434, "0.41": 0.00041509479331345434, "0.4": 0.00041509479331345434, "0.39": 0.00041509479331345434, "0.38": 0.00041509479331345434, "0.37": 0.00041509479331345434, "0.36": 0.00041509479331345434, "0.35": 0.00041509479331345434, "0.34": 0.00041509479331345434, "0.33": 0.00041509479331345434, "0.32": 0.00041509479331345434, "0.31": 0.00041509479331345434, "0.3": 0.00041509479331345434, "0.29": 0.00041509479331345434, "0.28": 0.00041509479331345434, "0.27": 0.00041509479331345434, "0.26": 0.00041509479331345434, "0.25": 0.00041509479331345434, "0.24": 0.00041509479331345434, "0.23": 0.00041509479331345434, "0.22": 0.00041509479331345434, "0.21": 0.00041509479331345434, "0.2": 0.00041509479331345434, "0.19": 0.00041509479331345434, "0.18": 0.00041509479331345434, "0.17": 0.00041509479331345434, "0.16": 0.00041509479331345434, "0.15": 0.00042618340700924045, "0.14": 0.0004739252962623889, "0.13": 0.0006280935109120291, "0.12": 0.0010961197684047387, "0.11": 0.0005514993598766303, "0.1": 0.0012851645091822058, "0.09": 0.003925426029466535, "0.08": 0.010336345265961229, "0.07": 0.01146233772735602, "0.06": 0.02685835319281267, "0.05": 0.03137016844611738, "0.04": 0.05127946127946128, "0.03": 0.01, "0.02": 0.0, "0.01": 0.0}, "avg_best_top_k": 1284.1641025641027, "avg_best_distance_threshold": 0.057894736842104555}