{
  "config": {
    "dataset": "data/dataset/split/train.jsonl",
    "table": "lib",
    "target_column": "astrobert",
    "metric": "vector_cosine_ops",
    "embedder": "adsabs/astroBERT",
    "normalize": false,
    "enrichment": "identity",
    "batch_size": 16,
    "top_k": 50000
  },
  "averages": {
    "1.0": 0.001467193964113912,
    "0.99": 0.001467193964113912,
    "0.98": 0.001467193964113912,
    "0.97": 0.001467193964113912,
    "0.96": 0.001467193964113912,
    "0.95": 0.001467193964113912,
    "0.94": 0.001467193964113912,
    "0.93": 0.001467193964113912,
    "0.92": 0.001467193964113912,
    "0.91": 0.001467193964113912,
    "0.9": 0.001467193964113912,
    "0.89": 0.001467193964113912,
    "0.88": 0.001467193964113912,
    "0.87": 0.001467193964113912,
    "0.86": 0.001467193964113912,
    "0.85": 0.001467193964113912,
    "0.84": 0.001467193964113912,
    "0.83": 0.001467193964113912,
    "0.82": 0.001467193964113912,
    "0.81": 0.001467193964113912,
    "0.8": 0.001467193964113912,
    "0.79": 0.001467193964113912,
    "0.78": 0.001467193964113912,
    "0.77": 0.001467193964113912,
    "0.76": 0.001467193964113912,
    "0.75": 0.001467193964113912,
    "0.74": 0.001467193964113912,
    "0.73": 0.001467193964113912,
    "0.72": 0.001467193964113912,
    "0.71": 0.001467193964113912,
    "0.7": 0.001467193964113912,
    "0.69": 0.001467193964113912,
    "0.68": 0.001467193964113912,
    "0.67": 0.001467193964113912,
    "0.66": 0.001467193964113912,
    "0.65": 0.001467193964113912,
    "0.64": 0.001467193964113912,
    "0.63": 0.001467193993148985,
    "0.62": 0.001467193993148985,
    "0.61": 0.001467193993148985,
    "0.6": 0.0014671940204108976,
    "0.59": 0.001467194047677951,
    "0.58": 0.001467194047677951,
    "0.57": 0.001467194105305426,
    "0.56": 0.001467194237299804,
    "0.55": 0.001467194423950587,
    "0.54": 0.0014671945622551702,
    "0.53": 0.0014671949417940896,
    "0.52": 0.001467195386899508,
    "0.51": 0.0014671965847786296,
    "0.5": 0.001467197917284631,
    "0.49": 0.0014672001384378713,
    "0.48": 0.0014672041036690971,
    "0.47": 0.0014672096354858917,
    "0.46": 0.0014672186599895992,
    "0.45": 0.0014672349780924633,
    "0.44": 0.001467258113154435,
    "0.43": 0.001467296837893266,
    "0.42": 0.001467354271131375,
    "0.41": 0.0014674316964102489,
    "0.4": 0.0014675325010071359,
    "0.39": 0.0014676751210448758,
    "0.38": 0.0014671158088339507,
    "0.37": 0.0014668465676886974,
    "0.36": 0.0014669523848355784,
    "0.35": 0.0014671130296757982,
    "0.34": 0.0014669549297796098,
    "0.33": 0.0014672757768565354,
    "0.32": 0.00146779825237823,
    "0.31": 0.0014664012730890867,
    "0.3": 0.0014658563717773556,
    "0.29": 0.0014659691082480617,
    "0.28": 0.0014656460688438463,
    "0.27": 0.001465299221795327,
    "0.26": 0.0014654244765701242,
    "0.25": 0.0014656521139762247,
    "0.24": 0.00146605198752874,
    "0.23": 0.001466100804807999,
    "0.22": 0.0014672933949349942,
    "0.21": 0.0014642748075569946,
    "0.2": 0.0014653345893934507,
    "0.19": 0.0014678910806158387,
    "0.18": 0.0014686336947407229,
    "0.17": 0.0014676793208764848,
    "0.16": 0.0014978252661375666,
    "0.15": 0.0016527646778105001,
    "0.14": 0.0024231296913672703,
    "0.13": 0.005111325523707741,
    "0.12": 0.001324352132659079,
    "0.11": 0.0010341904130247688,
    "0.1": 0.0004382120946538124,
    "0.09": 0.0015337423312883436,
    "0.08": 0.0,
    "0.07": 0.0,
    "0.06": 0.0,
    "0.05": 0.0,
    "0.04": 0.0,
    "0.03": 0.0,
    "0.02": 0.0,
    "0.01": 0.0
  },
  "avg_best_top_k": 817.3773006134969,
  "avg_best_distance_threshold": 0.0,
  "best_top_ks": [
    34, 39, 36, 29, 23, 32, 37, 39, 24, 40, 21, 42, 40, 41, 36, 40, 40, 40, 39, 30, 21, 39, 38, 31,
    40, 40, 28, 40, 40, 1, 41, 33, 36, 37, 40, 29, 25, 39, 38, 40, 40, 38, 40, 40, 40, 32, 41, 25,
    40, 39, 36, 42, 37, 39, 40, 40, 40, 30, 4, 39, 39, 37, 41, 40, 40, 34, 38, 38, 40, 35, 38, 25,
    41, 39, 40, 39, 37, 28, 18, 36, 38, 27, 40, 32, 5, 39, 38, 37, 34, 40, 39, 40, 40, 40, 40, 31,
    40, 40, 34, 40, 4, 40, 40, 39, 38, 40, 39, 40, 28, 40, 40, 40, 33, 40, 40, 2886, 40, 39, 39, 40,
    40, 33, 38, 41, 15457, 40, 40, 40, 36, 40, 40, 40, 23, 31, 33, 35, 40, 40, 38, 37, 41, 33, 29,
    41, 40, 4790, 35, 38, 17612, 41, 19157, 40, 40, 40, 38, 40, 36, 37, 40, 3446, 39, 40, 32, 40,
    33, 36, 31, 39, 26, 29, 33, 16, 38, 37, 36, 40, 37, 40, 40, 1, 40, 41, 40, 28, 25, 38, 36, 40,
    39, 20062, 38, 40, 39, 38, 40, 39, 38, 27, 40, 38, 8287, 38, 34, 40, 36, 1818, 40, 40, 40, 40,
    39, 26, 40, 3032, 36, 40, 40, 40, 44, 39, 38, 39, 31, 34, 38, 40, 40, 40, 39, 31, 41401, 40, 34,
    39, 40, 40, 38, 12103, 40, 40, 27, 38, 36, 29, 41, 23, 40, 38, 40, 40, 40, 31, 40, 37, 33, 40,
    2302, 40, 24, 38, 41, 32, 28, 33, 31, 40, 21, 41, 40, 40, 38, 40, 35, 40, 38, 40, 38, 38, 26,
    39, 40, 37, 35, 39, 38, 33, 1802, 33, 37, 40, 40, 37, 22, 38, 31, 40, 29, 33, 39, 39, 37, 2561,
    36, 28, 40, 27, 8389, 40, 39, 40, 40, 40, 34, 32, 40, 40, 42, 37, 35, 691, 506, 3289, 18314,
    7337, 32940, 27332
  ]
}
