{"config": {"dataset": "data/dataset/100/nontrivial.jsonl", "table": "lib", "target_column": "bge", "metric": "vector_cosine_ops", "embedder": "BAAI/bge-small-en", "normalize": true, "enrichment": "add_prev_3", "batch_size": 16, "top_k": 10000}, "averages": {"1.0": 0.00039131063243552096, "0.99": 0.00039131063243552096, "0.98": 0.00039131063243552096, "0.97": 0.00039131063243552096, "0.96": 0.00039131063243552096, "0.95": 0.00039131063243552096, "0.94": 0.00039131063243552096, "0.93": 0.00039131063243552096, "0.92": 0.00039131063243552096, "0.91": 0.00039131063243552096, "0.9": 0.00039131063243552096, "0.89": 0.00039131063243552096, "0.88": 0.00039131063243552096, "0.87": 0.00039131063243552096, "0.86": 0.00039131063243552096, "0.85": 0.00039131063243552096, "0.84": 0.00039131063243552096, "0.83": 0.00039131063243552096, "0.82": 0.00039131063243552096, "0.81": 0.00039131063243552096, "0.8": 0.00039131063243552096, "0.79": 0.00039131063243552096, "0.78": 0.00039131063243552096, "0.77": 0.00039131063243552096, "0.76": 0.00039131063243552096, "0.75": 0.00039131063243552096, "0.74": 0.00039131063243552096, "0.73": 0.00039131063243552096, "0.72": 0.00039131063243552096, "0.71": 0.00039131063243552096, "0.7": 0.00039131063243552096, "0.69": 0.00039131063243552096, "0.68": 0.00039131063243552096, "0.67": 0.00039131063243552096, "0.66": 0.00039131063243552096, "0.65": 0.00039131063243552096, "0.64": 0.00039131063243552096, "0.63": 0.00039131063243552096, "0.62": 0.00039131063243552096, "0.61": 0.00039131063243552096, "0.6": 0.00039131063243552096, "0.59": 0.00039131063243552096, "0.58": 0.00039131063243552096, "0.57": 0.00039131063243552096, "0.56": 0.00039131063243552096, "0.55": 0.00039131063243552096, "0.54": 0.00039131063243552096, "0.53": 0.00039131063243552096, "0.52": 0.00039131063243552096, "0.51": 0.00039131063243552096, "0.5": 0.00039131063243552096, "0.49": 0.00039131063243552096, "0.48": 0.00039131063243552096, "0.47": 0.00039131063243552096, "0.46": 0.00039131063243552096, "0.45": 0.00039131063243552096, "0.44": 0.00039131063243552096, "0.43": 0.00039131063243552096, "0.42": 0.00039131063243552096, "0.41": 0.00039131063243552096, "0.4": 0.00039131063243552096, "0.39": 0.00039131063243552096, "0.38": 0.00039131063243552096, "0.37": 0.00039131063243552096, "0.36": 0.00039131063243552096, "0.35": 0.00039131063243552096, "0.34": 0.00039131063243552096, "0.33": 0.00039131063243552096, "0.32": 0.00039131063243552096, "0.31": 0.00039131063243552096, "0.3": 0.00039131063243552096, "0.29": 0.00039131063243552096, "0.28": 0.00039131063243552096, "0.27": 0.00039131063243552096, "0.26": 0.00039131063243552096, "0.25": 0.00039131063243552096, "0.24": 0.00039131063243552096, "0.23": 0.00039131063243552096, "0.22": 0.00039131063243552096, "0.21": 0.00039131063243552096, "0.2": 0.00039131063243552096, "0.19": 0.00039131063243552096, "0.18": 0.00039131063243552096, "0.17": 0.00039131063243552096, "0.16": 0.00039197578448613553, "0.15": 0.0004209999066692962, "0.14": 0.000545203176158377, "0.13": 0.000780987292159674, "0.12": 0.0016483368316923036, "0.11": 0.0018529733464854748, "0.1": 0.004454358128703836, "0.09": 0.004692087731803354, "0.08": 0.015553928860972828, "0.07": 0.029493997795189592, "0.06": 0.04749017272642789, "0.05": 0.023346750340854112, "0.04": 0.01851190476190476, "0.03": 0.0, "0.02": 0.0, "0.01": 0.0}}