{"config": {"dataset": "data/dataset/100/nontrivial.jsonl", "table": "lib", "target_column": "bge_norm", "metric": "vector_cosine_ops", "embedder": "BAAI/bge-small-en", "normalize": true, "enrichment": "add_abstract_prev_3", "batch_size": 16, "top_k": 10000}, "averages": {"1.0": 0.00045729713806478325, "0.99": 0.00045729713806478325, "0.98": 0.00045729713806478325, "0.97": 0.00045729713806478325, "0.96": 0.00045729713806478325, "0.95": 0.00045729713806478325, "0.94": 0.00045729713806478325, "0.93": 0.00045729713806478325, "0.92": 0.00045729713806478325, "0.91": 0.00045729713806478325, "0.9": 0.00045729713806478325, "0.89": 0.00045729713806478325, "0.88": 0.00045729713806478325, "0.87": 0.00045729713806478325, "0.86": 0.00045729713806478325, "0.85": 0.00045729713806478325, "0.84": 0.00045729713806478325, "0.83": 0.00045729713806478325, "0.82": 0.00045729713806478325, "0.81": 0.00045729713806478325, "0.8": 0.00045729713806478325, "0.79": 0.00045729713806478325, "0.78": 0.00045729713806478325, "0.77": 0.00045729713806478325, "0.76": 0.00045729713806478325, "0.75": 0.00045729713806478325, "0.74": 0.00045729713806478325, "0.73": 0.00045729713806478325, "0.72": 0.00045729713806478325, "0.71": 0.00045729713806478325, "0.7": 0.00045729713806478325, "0.69": 0.00045729713806478325, "0.68": 0.00045729713806478325, "0.67": 0.00045729713806478325, "0.66": 0.00045729713806478325, "0.65": 0.00045729713806478325, "0.64": 0.00045729713806478325, "0.63": 0.00045729713806478325, "0.62": 0.00045729713806478325, "0.61": 0.00045729713806478325, "0.6": 0.00045729713806478325, "0.59": 0.00045729713806478325, "0.58": 0.00045729713806478325, "0.57": 0.00045729713806478325, "0.56": 0.00045729713806478325, "0.55": 0.00045729713806478325, "0.54": 0.00045729713806478325, "0.53": 0.00045729713806478325, "0.52": 0.00045729713806478325, "0.51": 0.00045729713806478325, "0.5": 0.00045729713806478325, "0.49": 0.00045729713806478325, "0.48": 0.00045729713806478325, "0.47": 0.00045729713806478325, "0.46": 0.00045729713806478325, "0.45": 0.00045729713806478325, "0.44": 0.00045729713806478325, "0.43": 0.00045729713806478325, "0.42": 0.00045729713806478325, "0.41": 0.00045729713806478325, "0.4": 0.00045729713806478325, "0.39": 0.00045729713806478325, "0.38": 0.00045729713806478325, "0.37": 0.00045729713806478325, "0.36": 0.00045729713806478325, "0.35": 0.00045729713806478325, "0.34": 0.00045729713806478325, "0.33": 0.00045729713806478325, "0.32": 0.00045729713806478325, "0.31": 0.00045729713806478325, "0.3": 0.00045729713806478325, "0.29": 0.00045729713806478325, "0.28": 0.00045729713806478325, "0.27": 0.00045729713806478325, "0.26": 0.00045729713806478325, "0.25": 0.00045729713806478325, "0.24": 0.00045729713806478325, "0.23": 0.00045729713806478325, "0.22": 0.00045729713806478325, "0.21": 0.00045729713806478325, "0.2": 0.00045729713806478325, "0.19": 0.00045729713806478325, "0.18": 0.00045729713806478325, "0.17": 0.00045729713806478325, "0.16": 0.00045729713806478325, "0.15": 0.00045729713806478325, "0.14": 0.00045730197706167854, "0.13": 0.00046007041313096876, "0.12": 0.0004847842238082485, "0.11": 0.0005732338121800502, "0.1": 0.0009416255679593914, "0.09": 0.001564022369410641, "0.08": 0.006103884663654479, "0.07": 0.008594594183610318, "0.06": 0.010352094505487415, "0.05": 0.02525107098429907, "0.04": 0.023273809523809526, "0.03": 0.015, "0.02": 0.0, "0.01": 0.0}, "avg_best_top_k": 1458.923076923077, "avg_best_distance_threshold": 0.057789473684209745}