{"config": {"dataset": "data/dataset/256/nontrivial.jsonl", "table": "bge", "metric": "vector_cosine_ops", "embedder": "BAAI/bge-small-en", "normalize": true, "enrichment": "add_previous_3_sentences", "batch_size": 16}, "averages": {"1.0": 9.494000914110702e-05, "0.99": 9.494000914110702e-05, "0.98": 9.494000914110702e-05, "0.97": 9.494000914110702e-05, "0.96": 9.494000914110702e-05, "0.95": 9.494000914110702e-05, "0.94": 9.494000914110702e-05, "0.93": 9.494000914110702e-05, "0.92": 9.494000914110702e-05, "0.91": 9.494000914110702e-05, "0.9": 9.494000914110702e-05, "0.89": 9.494000914110702e-05, "0.88": 9.494000914110702e-05, "0.87": 9.494000914110702e-05, "0.86": 9.494000914110702e-05, "0.85": 9.494000914110702e-05, "0.84": 9.494000914110702e-05, "0.83": 9.494000914110702e-05, "0.82": 9.494000914110702e-05, "0.81": 9.494000914110702e-05, "0.8": 9.494000914110702e-05, "0.79": 9.494000914110702e-05, "0.78": 9.494000914110702e-05, "0.77": 9.494000914110702e-05, "0.76": 9.494000914110702e-05, "0.75": 9.494000914110702e-05, "0.74": 9.494000914110702e-05, "0.73": 9.494000914110702e-05, "0.72": 9.494000914110702e-05, "0.71": 9.494000914110702e-05, "0.7": 9.494000914110702e-05, "0.69": 9.494000914110702e-05, "0.68": 9.494000914110702e-05, "0.67": 9.494000914110702e-05, "0.66": 9.494000914110702e-05, "0.65": 9.494000914110702e-05, "0.64": 9.494000914110702e-05, "0.63": 9.494000914110702e-05, "0.62": 9.494000914110702e-05, "0.61": 9.494000914110702e-05, "0.6": 9.494000914110702e-05, "0.59": 9.494000914110702e-05, "0.58": 9.494000914110702e-05, "0.57": 9.494000914110702e-05, "0.56": 9.494000914110702e-05, "0.55": 9.494000914110702e-05, "0.54": 9.494000914110702e-05, "0.53": 9.494000914110702e-05, "0.52": 9.494000914110702e-05, "0.51": 9.494000914110702e-05, "0.5": 9.494000914110702e-05, "0.49": 9.494000914110702e-05, "0.48": 9.494000914110702e-05, "0.47": 9.494000914110702e-05, "0.46": 9.494000914110702e-05, "0.45": 9.494000914110702e-05, "0.44": 9.494000914110702e-05, "0.43": 9.494000914110702e-05, "0.42": 9.494000914110702e-05, "0.41": 9.494000914110702e-05, "0.4": 9.494000914110702e-05, "0.39": 9.494000914110702e-05, "0.38": 9.494000914110702e-05, "0.37": 9.494000914110702e-05, "0.36": 9.494000914110702e-05, "0.35": 9.494000914110702e-05, "0.34": 9.494000914110702e-05, "0.33": 9.494000914110702e-05, "0.32": 9.494000914110702e-05, "0.31": 9.494000914110702e-05, "0.3": 9.49402106740773e-05, "0.29": 9.494032221004163e-05, "0.28": 9.494056026512136e-05, "0.27": 9.494112787911567e-05, "0.26": 9.494234201379508e-05, "0.25": 9.494528615168216e-05, "0.24": 9.495045641253373e-05, "0.23": 9.495801832952211e-05, "0.22": 9.497537129678687e-05, "0.21": 9.5012267170916e-05, "0.2": 9.508266278033903e-05, "0.19": 9.522739313497905e-05, "0.18": 9.55971801373484e-05, "0.17": 9.649483759992037e-05, "0.16": 9.81795889561901e-05, "0.15": 0.00010435762753264396, "0.14": 0.00012246520802718357, "0.13": 0.0001644934181291572, "0.12": 0.00031877495669121477, "0.11": 0.0009350352556180487, "0.1": 0.0018911319255461394, "0.09": 0.0050858368947422515, "0.08": 0.012280223285747453, "0.07": 0.02211103897282186, "0.06": 0.036795701593815525, "0.05": 0.03742301218867391, "0.04": 0.01309264642739507, "0.03": 0.0013020833333333333, "0.02": 0.0, "0.01": 0.0}}