{"config": {"dataset": "data/dataset/small/nontrivial.jsonl", "table": "bge_hnsw", "metric": "vector_cosine_ops", "embedder": "BAAI/bge-small-en", "normalize": true, "enrichment": "identity", "batch_size": 16}, "averages": {"1.0": 0.006867741663126014, "0.99": 0.006867741663126014, "0.98": 0.006867741663126014, "0.97": 0.006867741663126014, "0.96": 0.006867741663126014, "0.95": 0.006867741663126014, "0.94": 0.006867741663126014, "0.93": 0.006867741663126014, "0.92": 0.006867741663126014, "0.91": 0.006867741663126014, "0.9": 0.006867741663126014, "0.89": 0.006867741663126014, "0.88": 0.006867741663126014, "0.87": 0.006867741663126014, "0.86": 0.006867741663126014, "0.85": 0.006867741663126014, "0.84": 0.006867741663126014, "0.83": 0.006867741663126014, "0.82": 0.006867741663126014, "0.81": 0.006867741663126014, "0.8": 0.006867741663126014, "0.79": 0.006867741663126014, "0.78": 0.006867741663126014, "0.77": 0.006867741663126014, "0.76": 0.006867741663126014, "0.75": 0.006867741663126014, "0.74": 0.006867741663126014, "0.73": 0.006867741663126014, "0.72": 0.006867741663126014, "0.71": 0.006867741663126014, "0.7": 0.006867741663126014, "0.69": 0.006867741663126014, "0.68": 0.006867741663126014, "0.67": 0.006867741663126014, "0.66": 0.006867741663126014, "0.65": 0.006867741663126014, "0.64": 0.006867741663126014, "0.63": 0.006867741663126014, "0.62": 0.006867741663126014, "0.61": 0.006867741663126014, "0.6": 0.006867741663126014, "0.59": 0.006867741663126014, "0.58": 0.006867741663126014, "0.57": 0.006867741663126014, "0.56": 0.006867741663126014, "0.55": 0.006867741663126014, "0.54": 0.006867741663126014, "0.53": 0.006867741663126014, "0.52": 0.006867741663126014, "0.51": 0.006867741663126014, "0.5": 0.006867741663126014, "0.49": 0.006867741663126014, "0.48": 0.006867741663126014, "0.47": 0.006867741663126014, "0.46": 0.006867741663126014, "0.45": 0.006867741663126014, "0.44": 0.006867741663126014, "0.43": 0.006867741663126014, "0.42": 0.006867741663126014, "0.41": 0.006867741663126014, "0.4": 0.006867741663126014, "0.39": 0.006867741663126014, "0.38": 0.006867741663126014, "0.37": 0.006867741663126014, "0.36": 0.006867741663126014, "0.35": 0.006867741663126014, "0.34": 0.006867741663126014, "0.33": 0.006867741663126014, "0.32": 0.006867741663126014, "0.31": 0.006867741663126014, "0.3": 0.006867741663126014, "0.29": 0.006867741663126014, "0.28": 0.006867741663126014, "0.27": 0.006867741663126014, "0.26": 0.006867741663126014, "0.25": 0.006867741663126014, "0.24": 0.006867741663126014, "0.23": 0.006867741663126014, "0.22": 0.006867741663126014, "0.21": 0.006867741663126014, "0.2": 0.006867741663126014, "0.19": 0.006867741663126014, "0.18": 0.006867741663126014, "0.17": 0.006867741663126014, "0.16": 0.009214425017318756, "0.15": 0.005537954429083461, "0.14": 0.005537954429083461, "0.13": 0.005537954429083461, "0.12": 0.005537954429083461, "0.11": 0.016021825396825395, "0.1": 0.0017857142857142857, "0.09": 0.0017857142857142857, "0.08": 0.0017857142857142857, "0.07": 0.010416666666666666, "0.06": 0.0, "0.05": 0.0, "0.04": 0.0, "0.03": 0.0, "0.02": 0.0, "0.01": 0.0}}