{
  "config": {
    "dataset": "data/dataset/split/train.jsonl",
    "table": "lib",
    "target_column": "bge_large_norm",
    "metric": "vector_cosine_ops",
    "embedder": "BAAI/bge-large-en-v1.5",
    "normalize": true,
    "enrichment": "identity",
    "batch_size": 16,
    "top_k": 100000
  },
  "averages": {
    "1.0": 0.024908204899826595,
    "0.99": 0.024908204899826595,
    "0.98": 0.024908204899826595,
    "0.97": 0.024908204899826595,
    "0.96": 0.024908204899826595,
    "0.95": 0.024908204899826595,
    "0.94": 0.024908204899826595,
    "0.93": 0.024908204899826595,
    "0.92": 0.024908204899826595,
    "0.91": 0.024908204899826595,
    "0.9": 0.024908204899826595,
    "0.89": 0.024908204899826595,
    "0.88": 0.024908204899826595,
    "0.87": 0.024908204899826595,
    "0.86": 0.024908204899826595,
    "0.85": 0.024908204899826595,
    "0.84": 0.024908204899826595,
    "0.83": 0.024908204899826595,
    "0.82": 0.024908204899826595,
    "0.81": 0.024908204899826595,
    "0.8": 0.024908204899826595,
    "0.79": 0.024908204899826595,
    "0.78": 0.024908204899826595,
    "0.77": 0.024908204899826595,
    "0.76": 0.024908204899826595,
    "0.75": 0.024908204899826595,
    "0.74": 0.024908204899826595,
    "0.73": 0.024908204899826595,
    "0.72": 0.024908204899826595,
    "0.71": 0.024908204899826595,
    "0.7": 0.024908204899826595,
    "0.69": 0.024908204899826595,
    "0.68": 0.024908204899826595,
    "0.67": 0.024908204899826595,
    "0.66": 0.024908204899826595,
    "0.65": 0.024908204899826595,
    "0.64": 0.024908204899826595,
    "0.63": 0.024908204899826595,
    "0.62": 0.024908204899826595,
    "0.61": 0.024908204899826595,
    "0.6": 0.024908204899826595,
    "0.59": 0.024908204899826595,
    "0.58": 0.024908204899826595,
    "0.57": 0.024908204899826595,
    "0.56": 0.024908204899826595,
    "0.55": 0.024908204899826595,
    "0.54": 0.02490820717037046,
    "0.53": 0.024908241493384276,
    "0.52": 0.024908345361381843,
    "0.51": 0.024908585417191383,
    "0.5": 0.024909131659309084,
    "0.49": 0.02491055759903774,
    "0.48": 0.024913885020792004,
    "0.47": 0.024923397387050038,
    "0.46": 0.024910936909094294,
    "0.45": 0.024913855099660508,
    "0.44": 0.024921670756987886,
    "0.43": 0.024939746653139312,
    "0.42": 0.025068412634937465,
    "0.41": 0.025784716806232837,
    "0.4": 0.026297011482845616,
    "0.39": 0.026299172237905354,
    "0.38": 0.026302327295668275,
    "0.37": 0.02802128643840444,
    "0.36": 0.02884494718708555,
    "0.35": 0.029017782297279485,
    "0.34": 0.02647151626766275,
    "0.33": 0.02775109183539711,
    "0.32": 0.029422872963516436,
    "0.31": 0.037241668056991854,
    "0.3": 0.03601108130760769,
    "0.29": 0.03705649062443248,
    "0.28": 0.03765955712037661,
    "0.27": 0.0367868759316583,
    "0.26": 0.04663511413072538,
    "0.25": 0.031014022034633618,
    "0.24": 0.03812059462022047,
    "0.23": 0.04688828462875753,
    "0.22": 0.044615957467478456,
    "0.21": 0.041790374698406234,
    "0.2": 0.029780981862469094,
    "0.19": 0.02961440508546287,
    "0.18": 0.029095184641125142,
    "0.17": 0.02884571779154194,
    "0.16": 0.014440491116376616,
    "0.15": 0.016356505984441855,
    "0.14": 0.020053232518925126,
    "0.13": 0.012730061349693253,
    "0.12": 0.0025562372188139056,
    "0.11": 0.0010224948875255623,
    "0.1": 0.0,
    "0.09": 0.0,
    "0.08": 0.0,
    "0.07": 0.0,
    "0.06": 0.0,
    "0.05": 0.0,
    "0.04": 0.0,
    "0.03": 0.0,
    "0.02": 0.0,
    "0.01": 0.0
  },
  "avg_best_top_k": 677.7024539877301,
  "avg_best_distance_threshold": 0.0,
  "best_top_ks": [
    34, 26, 7, 29, 37, 27, 27, 15, 32, 42, 40, 5, 12, 2, 2, 7, 1, 36, 41, 2, 1, 27, 40, 37, 45, 3,
    3, 25, 41, 32, 43, 36, 39, 20, 24, 14, 7, 5, 28, 3, 34, 35, 1, 18, 31, 28, 33, 45, 40, 41, 45,
    1, 12, 13, 40, 29, 33, 39, 40, 16, 39, 39, 9, 34, 1, 38, 26, 18, 3, 8, 6, 31, 43, 14, 45, 40,
    41, 1, 3, 38, 2, 1, 34, 32, 3, 40, 35, 29, 29, 37, 41, 1, 40, 4, 5, 5, 30, 8, 40, 1, 2, 3, 40,
    2, 34, 34, 42, 24, 42, 40, 43, 2, 2, 1, 38, 37, 25, 30, 41, 42, 3, 35, 43, 18, 4, 298, 41, 2, 3,
    38, 1, 13, 8, 29, 4077, 38, 39, 1, 42, 32, 34, 9, 34, 4, 35, 279, 42, 41, 41, 39, 1, 38, 5, 5,
    43, 2, 34, 1, 1, 2, 10, 723, 1, 44, 48, 29, 37, 26, 124, 36, 9, 38, 25, 38, 5, 79, 38, 35, 38,
    30, 37, 20, 5, 10, 13, 5, 33, 40, 4, 41, 30, 31, 3, 1087, 22, 26, 19, 46, 37, 6, 2, 41, 40, 12,
    23, 14, 31, 24, 100000, 44, 11, 40, 33, 41, 42, 43, 1, 18, 29, 310, 8, 18, 1, 2, 1, 40, 1, 8, 1,
    8370, 33, 24, 32, 41, 24, 40, 2, 23, 9, 1, 37, 3, 3, 41, 40, 29, 22, 30, 1, 33, 29, 1, 1, 38, 2,
    41, 48, 17, 24, 34, 29, 1, 2, 32, 37, 41, 10, 1, 4, 14, 44, 41, 28, 38, 41, 35, 42, 1, 24, 3,
    28, 34, 10, 25, 36, 13, 28, 49, 1, 40, 167, 35, 41, 26, 11, 38, 24, 17, 30, 35, 1, 13, 1, 2, 30,
    29, 39, 2, 41, 4, 16, 29, 40, 42, 5, 476, 6, 3, 8, 33, 3333, 21, 13401, 3933, 1889, 75154
  ]
}
