{"config": {"dataset": "data/dataset/100/nontrivial.jsonl", "table": "lib", "target_column": "bge_norm", "metric": "vector_cosine_ops", "embedder": "BAAI/bge-small-en", "normalize": true, "enrichment": "identity", "batch_size": 16, "top_k": 10000}, "averages": {"1.0": 0.00029490216099568975, "0.99": 0.00029490216099568975, "0.98": 0.00029490216099568975, "0.97": 0.00029490216099568975, "0.96": 0.00029490216099568975, "0.95": 0.00029490216099568975, "0.94": 0.00029490216099568975, "0.93": 0.00029490216099568975, "0.92": 0.00029490216099568975, "0.91": 0.00029490216099568975, "0.9": 0.00029490216099568975, "0.89": 0.00029490216099568975, "0.88": 0.00029490216099568975, "0.87": 0.00029490216099568975, "0.86": 0.00029490216099568975, "0.85": 0.00029490216099568975, "0.84": 0.00029490216099568975, "0.83": 0.00029490216099568975, "0.82": 0.00029490216099568975, "0.81": 0.00029490216099568975, "0.8": 0.00029490216099568975, "0.79": 0.00029490216099568975, "0.78": 0.00029490216099568975, "0.77": 0.00029490216099568975, "0.76": 0.00029490216099568975, "0.75": 0.00029490216099568975, "0.74": 0.00029490216099568975, "0.73": 0.00029490216099568975, "0.72": 0.00029490216099568975, "0.71": 0.00029490216099568975, "0.7": 0.00029490216099568975, "0.69": 0.00029490216099568975, "0.68": 0.00029490216099568975, "0.67": 0.00029490216099568975, "0.66": 0.00029490216099568975, "0.65": 0.00029490216099568975, "0.64": 0.00029490216099568975, "0.63": 0.00029490216099568975, "0.62": 0.00029490216099568975, "0.61": 0.00029490216099568975, "0.6": 0.00029490216099568975, "0.59": 0.00029490216099568975, "0.58": 0.00029490216099568975, "0.57": 0.00029490216099568975, "0.56": 0.00029490216099568975, "0.55": 0.00029490216099568975, "0.54": 0.00029490216099568975, "0.53": 0.00029490216099568975, "0.52": 0.00029490216099568975, "0.51": 0.00029490216099568975, "0.5": 0.00029490216099568975, "0.49": 0.00029490216099568975, "0.48": 0.00029490216099568975, "0.47": 0.00029490216099568975, "0.46": 0.00029490216099568975, "0.45": 0.00029490216099568975, "0.44": 0.00029490216099568975, "0.43": 0.00029490216099568975, "0.42": 0.00029490216099568975, "0.41": 0.00029490216099568975, "0.4": 0.00029490216099568975, "0.39": 0.00029490216099568975, "0.38": 0.00029490216099568975, "0.37": 0.00029490216099568975, "0.36": 0.00029490216099568975, "0.35": 0.00029490216099568975, "0.34": 0.00029490216099568975, "0.33": 0.00029490216099568975, "0.32": 0.00029490216099568975, "0.31": 0.00029490216099568975, "0.3": 0.00029490216099568975, "0.29": 0.00029490216099568975, "0.28": 0.0002949032484183848, "0.27": 0.00029490542541708734, "0.26": 0.0002933181916765061, "0.25": 0.00029611998652472813, "0.24": 0.00030597564293889683, "0.23": 0.00033325145627068607, "0.22": 0.00041348089695838336, "0.21": 0.0007033664895742466, "0.2": 0.0010376669839800914, "0.19": 0.0028947369093601555, "0.18": 0.01113467310434904, "0.17": 0.005859764931815353, "0.16": 0.006934276754746882, "0.15": 0.025525258118578854, "0.14": 0.01654358142231453, "0.13": 0.017548632746874012, "0.12": 0.017827495880284434, "0.11": 0.007539726716023077, "0.1": 0.007323549078518412, "0.09": 0.011355800095963707, "0.08": 0.020434718393632898, "0.07": 0.01, "0.06": 0.0, "0.05": 0.0, "0.04": 0.0, "0.03": 0.0, "0.02": 0.0, "0.01": 0.0}}