{"config": {"dataset": "data/dataset/100/nontrivial.jsonl", "table": "lib", "target_column": "bge_norm", "metric": "vector_cosine_ops", "embedder": "BAAI/bge-small-en", "normalize": true, "enrichment": "add_abstract", "batch_size": 16, "top_k": 10000}, "averages": {"1.0": 0.00045108908228452143, "0.99": 0.00045108908228452143, "0.98": 0.00045108908228452143, "0.97": 0.00045108908228452143, "0.96": 0.00045108908228452143, "0.95": 0.00045108908228452143, "0.94": 0.00045108908228452143, "0.93": 0.00045108908228452143, "0.92": 0.00045108908228452143, "0.91": 0.00045108908228452143, "0.9": 0.00045108908228452143, "0.89": 0.00045108908228452143, "0.88": 0.00045108908228452143, "0.87": 0.00045108908228452143, "0.86": 0.00045108908228452143, "0.85": 0.00045108908228452143, "0.84": 0.00045108908228452143, "0.83": 0.00045108908228452143, "0.82": 0.00045108908228452143, "0.81": 0.00045108908228452143, "0.8": 0.00045108908228452143, "0.79": 0.00045108908228452143, "0.78": 0.00045108908228452143, "0.77": 0.00045108908228452143, "0.76": 0.00045108908228452143, "0.75": 0.00045108908228452143, "0.74": 0.00045108908228452143, "0.73": 0.00045108908228452143, "0.72": 0.00045108908228452143, "0.71": 0.00045108908228452143, "0.7": 0.00045108908228452143, "0.69": 0.00045108908228452143, "0.68": 0.00045108908228452143, "0.67": 0.00045108908228452143, "0.66": 0.00045108908228452143, "0.65": 0.00045108908228452143, "0.64": 0.00045108908228452143, "0.63": 0.00045108908228452143, "0.62": 0.00045108908228452143, "0.61": 0.00045108908228452143, "0.6": 0.00045108908228452143, "0.59": 0.00045108908228452143, "0.58": 0.00045108908228452143, "0.57": 0.00045108908228452143, "0.56": 0.00045108908228452143, "0.55": 0.00045108908228452143, "0.54": 0.00045108908228452143, "0.53": 0.00045108908228452143, "0.52": 0.00045108908228452143, "0.51": 0.00045108908228452143, "0.5": 0.00045108908228452143, "0.49": 0.00045108908228452143, "0.48": 0.00045108908228452143, "0.47": 0.00045108908228452143, "0.46": 0.00045108908228452143, "0.45": 0.00045108908228452143, "0.44": 0.00045108908228452143, "0.43": 0.00045108908228452143, "0.42": 0.00045108908228452143, "0.41": 0.00045108908228452143, "0.4": 0.00045108908228452143, "0.39": 0.00045108908228452143, "0.38": 0.00045108908228452143, "0.37": 0.00045108908228452143, "0.36": 0.00045108908228452143, "0.35": 0.00045108908228452143, "0.34": 0.00045108908228452143, "0.33": 0.00045108908228452143, "0.32": 0.00045108908228452143, "0.31": 0.00045108908228452143, "0.3": 0.00045108908228452143, "0.29": 0.00045108908228452143, "0.28": 0.00045108908228452143, "0.27": 0.00045108908228452143, "0.26": 0.00045108908228452143, "0.25": 0.00045108908228452143, "0.24": 0.00045108908228452143, "0.23": 0.00045108908228452143, "0.22": 0.00045108908228452143, "0.21": 0.00045108908228452143, "0.2": 0.00045108908228452143, "0.19": 0.00045108908228452143, "0.18": 0.00045108908228452143, "0.17": 0.00045108908228452143, "0.16": 0.0004510916946884242, "0.15": 0.0004510943097648628, "0.14": 0.00045109796732639576, "0.13": 0.00045674493634176603, "0.12": 0.00050908441788627, "0.11": 0.0007650681446799003, "0.1": 0.0010513157456469903, "0.09": 0.0009835991174998342, "0.08": 0.0025609832196079037, "0.07": 0.007223768930082815, "0.06": 0.010631609018550566, "0.05": 0.017977513109576734, "0.04": 0.007853535353535352, "0.03": 0.01, "0.02": 0.0, "0.01": 0.0}, "avg_best_top_k": 1226.9246231155778, "avg_best_distance_threshold": 0.05959595959595889}