{"config": {"dataset": "data/dataset/256/nontrivial.jsonl", "table": "bge", "metric": "vector_cosine_ops", "embedder": "BAAI/bge-small-en", "normalize": true, "enrichment": "identity", "batch_size": 16}, "averages": {"1.0": 6.615038912929085e-05, "0.99": 6.615038912929085e-05, "0.98": 6.615038912929085e-05, "0.97": 6.615038912929085e-05, "0.96": 6.615038912929085e-05, "0.95": 6.615038912929085e-05, "0.94": 6.615038912929085e-05, "0.93": 6.615038912929085e-05, "0.92": 6.615038912929085e-05, "0.91": 6.615038912929085e-05, "0.9": 6.615038912929085e-05, "0.89": 6.615038912929085e-05, "0.88": 6.615038912929085e-05, "0.87": 6.615038912929085e-05, "0.86": 6.615038912929085e-05, "0.85": 6.615038912929085e-05, "0.84": 6.615038912929085e-05, "0.83": 6.615038912929085e-05, "0.82": 6.615038912929085e-05, "0.81": 6.615038912929085e-05, "0.8": 6.615038912929085e-05, "0.79": 6.615038912929085e-05, "0.78": 6.615038912929085e-05, "0.77": 6.615038912929085e-05, "0.76": 6.615038912929085e-05, "0.75": 6.615038912929085e-05, "0.74": 6.615038912929085e-05, "0.73": 6.615038912929085e-05, "0.72": 6.615038912929085e-05, "0.71": 6.615038912929085e-05, "0.7": 6.615038912929085e-05, "0.69": 6.615038912929085e-05, "0.68": 6.615038912929085e-05, "0.67": 6.615038912929085e-05, "0.66": 6.615038912929085e-05, "0.65": 6.615038912929085e-05, "0.64": 6.615038912929085e-05, "0.63": 6.615038912929085e-05, "0.62": 6.615038912929085e-05, "0.61": 6.615038912929085e-05, "0.6": 6.615038912929085e-05, "0.59": 6.615038912929085e-05, "0.58": 6.615038912929085e-05, "0.57": 6.615038912929085e-05, "0.56": 6.615038912929085e-05, "0.55": 6.615038912929085e-05, "0.54": 6.615038912929085e-05, "0.53": 6.615038912929085e-05, "0.52": 6.615038912929085e-05, "0.51": 6.615038912929085e-05, "0.5": 6.615038912929085e-05, "0.49": 6.615038912929085e-05, "0.48": 6.615038912929085e-05, "0.47": 6.615038912929085e-05, "0.46": 6.615038912929085e-05, "0.45": 6.615038912929085e-05, "0.44": 6.615038912929085e-05, "0.43": 6.615038912929085e-05, "0.42": 6.615038912929085e-05, "0.41": 6.615038912929085e-05, "0.4": 6.615038912929085e-05, "0.39": 6.615038912929085e-05, "0.38": 6.615038912929085e-05, "0.37": 6.615052865981481e-05, "0.36": 6.615071853910985e-05, "0.35": 6.615202728184704e-05, "0.34": 6.615468150375111e-05, "0.33": 6.616203811721519e-05, "0.32": 6.617734092403142e-05, "0.31": 6.621030239726027e-05, "0.3": 6.628838859945338e-05, "0.29": 6.64491934010761e-05, "0.28": 6.679631838163253e-05, "0.27": 6.714770338134826e-05, "0.26": 6.852369431822585e-05, "0.25": 7.121598208026683e-05, "0.24": 7.446273641125743e-05, "0.23": 8.045256618782581e-05, "0.22": 9.775092890894875e-05, "0.21": 0.00014943907049002638, "0.2": 0.0002891392788657689, "0.19": 0.0005742212198282756, "0.18": 0.0011694728149096243, "0.17": 0.0034026923128715613, "0.16": 0.011162793836084766, "0.15": 0.01279980871981044, "0.14": 0.009600850575507918, "0.13": 0.012733513010897833, "0.12": 0.020104602860041194, "0.11": 0.01718794497304684, "0.1": 0.008078454438009053, "0.09": 0.01487978798909853, "0.08": 0.01122093616066891, "0.07": 0.01590732586639307, "0.06": 0.012369791666666666, "0.05": 0.005859375, "0.04": 0.00390625, "0.03": 0.00390625, "0.02": 0.00390625, "0.01": 0.0}}