{"config": {"dataset": "data/dataset/100/nontrivial.jsonl", "table": "lib", "target_column": "bge_norm", "metric": "vector_cosine_ops", "embedder": "BAAI/bge-small-en", "normalize": true, "enrichment": "identity", "batch_size": 16, "top_k": 10000}, "averages": {"1.0": 0.00029654821529187617, "0.99": 0.00029654821529187617, "0.98": 0.00029654821529187617, "0.97": 0.00029654821529187617, "0.96": 0.00029654821529187617, "0.95": 0.00029654821529187617, "0.94": 0.00029654821529187617, "0.93": 0.00029654821529187617, "0.92": 0.00029654821529187617, "0.91": 0.00029654821529187617, "0.9": 0.00029654821529187617, "0.89": 0.00029654821529187617, "0.88": 0.00029654821529187617, "0.87": 0.00029654821529187617, "0.86": 0.00029654821529187617, "0.85": 0.00029654821529187617, "0.84": 0.00029654821529187617, "0.83": 0.00029654821529187617, "0.82": 0.00029654821529187617, "0.81": 0.00029654821529187617, "0.8": 0.00029654821529187617, "0.79": 0.00029654821529187617, "0.78": 0.00029654821529187617, "0.77": 0.00029654821529187617, "0.76": 0.00029654821529187617, "0.75": 0.00029654821529187617, "0.74": 0.00029654821529187617, "0.73": 0.00029654821529187617, "0.72": 0.00029654821529187617, "0.71": 0.00029654821529187617, "0.7": 0.00029654821529187617, "0.69": 0.00029654821529187617, "0.68": 0.00029654821529187617, "0.67": 0.00029654821529187617, "0.66": 0.00029654821529187617, "0.65": 0.00029654821529187617, "0.64": 0.00029654821529187617, "0.63": 0.00029654821529187617, "0.62": 0.00029654821529187617, "0.61": 0.00029654821529187617, "0.6": 0.00029654821529187617, "0.59": 0.00029654821529187617, "0.58": 0.00029654821529187617, "0.57": 0.00029654821529187617, "0.56": 0.00029654821529187617, "0.55": 0.00029654821529187617, "0.54": 0.00029654821529187617, "0.53": 0.00029654821529187617, "0.52": 0.00029654821529187617, "0.51": 0.00029654821529187617, "0.5": 0.00029654821529187617, "0.49": 0.00029654821529187617, "0.48": 0.00029654821529187617, "0.47": 0.00029654821529187617, "0.46": 0.00029654821529187617, "0.45": 0.00029654821529187617, "0.44": 0.00029654821529187617, "0.43": 0.00029654821529187617, "0.42": 0.00029654821529187617, "0.41": 0.00029654821529187617, "0.4": 0.00029654821529187617, "0.39": 0.00029654821529187617, "0.38": 0.00029654821529187617, "0.37": 0.00029654821529187617, "0.36": 0.00029654821529187617, "0.35": 0.00029654821529187617, "0.34": 0.00029654821529187617, "0.33": 0.00029654821529187617, "0.32": 0.00029654821529187617, "0.31": 0.00029654821529187617, "0.3": 0.00029654821529187617, "0.29": 0.00029654821529187617, "0.28": 0.00029654902859477895, "0.27": 0.00029654902859477895, "0.26": 0.00029658322222472083, "0.25": 0.0002980189685692593, "0.24": 0.00030635487475826447, "0.23": 0.0003325024309887691, "0.22": 0.0004090243816582166, "0.21": 0.0006863610502583273, "0.2": 0.0009948008728253481, "0.19": 0.0028817217145512687, "0.18": 0.010970160864481642, "0.17": 0.00844202993208962, "0.16": 0.007505611397905014, "0.15": 0.02940251192347286, "0.14": 0.016558591032249152, "0.13": 0.017755829730128684, "0.12": 0.01516359160954313, "0.11": 0.01757242305755411, "0.1": 0.007315457728019138, "0.09": 0.010788100556582348, "0.08": 0.02043534940511684, "0.07": 0.01, "0.06": 0.0, "0.05": 0.0, "0.04": 0.0, "0.03": 0.0, "0.02": 0.0, "0.01": 0.0}, "avg_best_top_k": 1219.84, "avg_best_distance_threshold": 0.1367999999999994}