{"config": {"dataset": "data/dataset/100/nontrivial.jsonl", "table": "lib", "target_column": "bert", "metric": "vector_cosine_ops", "embedder": "bert-base-uncased", "normalize": true, "enrichment": "add_title_and_abstract", "batch_size": 16, "top_k": 10000}, "averages": {"1.0": 0.00012153201804437967, "0.99": 0.00012153201804437967, "0.98": 0.00012153201804437967, "0.97": 0.00012153201804437967, "0.96": 0.00012153201804437967, "0.95": 0.00012153201804437967, "0.94": 0.00012153201804437967, "0.93": 0.00012153201804437967, "0.92": 0.00012153201804437967, "0.91": 0.00012153201804437967, "0.9": 0.00012153201804437967, "0.89": 0.00012153201804437967, "0.88": 0.00012153201804437967, "0.87": 0.00012153201804437967, "0.86": 0.00012153201804437967, "0.85": 0.00012153201804437967, "0.84": 0.00012153201804437967, "0.83": 0.00012153201804437967, "0.82": 0.00012153201804437967, "0.81": 0.00012153201804437967, "0.8": 0.00012153201804437967, "0.79": 0.00012153201804437967, "0.78": 0.00012153201804437967, "0.77": 0.00012153201804437967, "0.76": 0.00012153201804437967, "0.75": 0.00012153201804437967, "0.74": 0.00012153201804437967, "0.73": 0.00012153201804437967, "0.72": 0.00012153201804437967, "0.71": 0.00012153201804437967, "0.7": 0.00012153201804437967, "0.69": 0.00012153201804437967, "0.68": 0.00012153201804437967, "0.67": 0.00012153201804437967, "0.66": 0.00012153201804437967, "0.65": 0.00012153201804437967, "0.64": 0.00012153201804437967, "0.63": 0.00012153201804437967, "0.62": 0.00012153201804437967, "0.61": 0.00012153201804437967, "0.6": 0.00012153201804437967, "0.59": 0.00012153201804437967, "0.58": 0.00012153201804437967, "0.57": 0.00012153201804437967, "0.56": 0.00012153201804437967, "0.55": 0.00012153201804437967, "0.54": 0.00012153201804437967, "0.53": 0.00012153201804437967, "0.52": 0.00012153201804437967, "0.51": 0.00012153201804437967, "0.5": 0.00012153201804437967, "0.49": 0.00012153201804437967, "0.48": 0.00012153201804437967, "0.47": 0.00012153201804437967, "0.46": 0.00012153201804437967, "0.45": 0.00012153201804437967, "0.44": 0.00012153201804437967, "0.43": 0.00012153201804437967, "0.42": 0.00012153201804437967, "0.41": 0.00012153201804437967, "0.4": 0.00012153201804437967, "0.39": 0.00012153201804437967, "0.38": 0.00012153201804437967, "0.37": 0.00012153201804437967, "0.36": 0.00012153201804437967, "0.35": 0.00012153258561328793, "0.34": 0.00012153258561328793, "0.33": 0.00012153258561328793, "0.32": 0.00012153258561328793, "0.31": 0.00012153258561328793, "0.3": 0.00012153258561328793, "0.29": 0.00012153258561328793, "0.28": 0.00012153654274139639, "0.27": 0.00012154102473908504, "0.26": 0.00012155688359516885, "0.25": 0.00012159753299164753, "0.24": 0.00012166244856129395, "0.23": 0.00012182125318136767, "0.22": 0.00012214403178320877, "0.21": 0.0001227702715510178, "0.2": 0.00012313082370436881, "0.19": 0.00013198790181089774, "0.18": 0.00015318781217423392, "0.17": 0.00020242257269492182, "0.16": 0.0003018426577435637, "0.15": 0.000466640558470183, "0.14": 0.0008602976735203823, "0.13": 0.0013535980939954162, "0.12": 0.0023123145511632507, "0.11": 0.0005370827664875726, "0.1": 0.0021246071874617208, "0.09": 9.781747869231222e-05, "0.08": 1.7825311942959002e-05, "0.07": 0.00016129032258064516, "0.06": 0.0, "0.05": 0.0, "0.04": 0.0, "0.03": 0.0, "0.02": 0.0, "0.01": 0.0}, "avg_best_top_k": 1568.9644670050761, "avg_best_distance_threshold": 0.06164948453608209}