{"config": {"dataset": "data/dataset/split/train.jsonl", "table": "lib", "target_column": "bge_large_norm", "metric": "vector_cosine_ops", "embedder": "BAAI/bge-large-en-v1.5", "normalize": true, "enrichment": "identity", "batch_size": 16, "top_k": 50000}, "averages": {"1.0": 0.024909651886521788, "0.99": 0.024909651886521788, "0.98": 0.024909651886521788, "0.97": 0.024909651886521788, "0.96": 0.024909651886521788, "0.95": 0.024909651886521788, "0.94": 0.024909651886521788, "0.93": 0.024909651886521788, "0.92": 0.024909651886521788, "0.91": 0.024909651886521788, "0.9": 0.024909651886521788, "0.89": 0.024909651886521788, "0.88": 0.024909651886521788, "0.87": 0.024909651886521788, "0.86": 0.024909651886521788, "0.85": 0.024909651886521788, "0.84": 0.024909651886521788, "0.83": 0.024909651886521788, "0.82": 0.024909651886521788, "0.81": 0.024909651886521788, "0.8": 0.024909651886521788, "0.79": 0.024909651886521788, "0.78": 0.024909651886521788, "0.77": 0.024909651886521788, "0.76": 0.024909651886521788, "0.75": 0.024909651886521788, "0.74": 0.024909651886521788, "0.73": 0.024909651886521788, "0.72": 0.024909651886521788, "0.71": 0.024909651886521788, "0.7": 0.024909651886521788, "0.69": 0.024909651886521788, "0.68": 0.024909651886521788, "0.67": 0.024909651886521788, "0.66": 0.024909651886521788, "0.65": 0.024909651886521788, "0.64": 0.024909651886521788, "0.63": 0.024909651886521788, "0.62": 0.024909651886521788, "0.61": 0.024909651886521788, "0.6": 0.024909651886521788, "0.59": 0.024909651886521788, "0.58": 0.024909651886521788, "0.57": 0.024909651886521788, "0.56": 0.024909651886521788, "0.55": 0.024909651886521788, "0.54": 0.024909651886521788, "0.53": 0.024909651886521788, "0.52": 0.0249097158613268, "0.51": 0.02490992041073552, "0.5": 0.024910466652853222, "0.49": 0.02491189259258188, "0.48": 0.024915220014336145, "0.47": 0.024924732380594183, "0.46": 0.024912271902638432, "0.45": 0.024915190093204646, "0.44": 0.024922987389363188, "0.43": 0.024941269922319667, "0.42": 0.025069658378121754, "0.41": 0.02578578279106612, "0.4": 0.02629798897230938, "0.39": 0.026299986260808757, "0.38": 0.026302960531851806, "0.37": 0.028021889471436783, "0.36": 0.028845487362235512, "0.35": 0.029018248990434124, "0.34": 0.026471919449370104, "0.33": 0.027751368257261797, "0.32": 0.02942311804640085, "0.31": 0.03724182666041492, "0.3": 0.036011194263722464, "0.29": 0.03705658055905464, "0.28": 0.037659597420061745, "0.27": 0.03678687593165831, "0.26": 0.04663511413072538, "0.25": 0.031014022034633625, "0.24": 0.03812059462022047, "0.23": 0.04688828462875753, "0.22": 0.044615957467478456, "0.21": 0.041790374698406234, "0.2": 0.029780981862469094, "0.19": 0.02961440508546287, "0.18": 0.029095184641125142, "0.17": 0.02884571779154194, "0.16": 0.014440491116376616, "0.15": 0.016356505984441855, "0.14": 0.020053232518925126, "0.13": 0.012730061349693253, "0.12": 0.0025562372188139056, "0.11": 0.0010224948875255623, "0.1": 0.0, "0.09": 0.0, "0.08": 0.0, "0.07": 0.0, "0.06": 0.0, "0.05": 0.0, "0.04": 0.0, "0.03": 0.0, "0.02": 0.0, "0.01": 0.0}, "avg_best_top_k": 447.1687116564417, "avg_best_distance_threshold": 0.0, "best_top_ks": [7, 27, 40, 26, 29, 27, 32, 34, 15, 37, 42, 5, 2, 41, 2, 1, 12, 40, 27, 36, 1, 2, 37, 7, 45, 3, 43, 41, 25, 3, 20, 5, 24, 39, 36, 28, 7, 32, 14, 3, 34, 35, 28, 40, 1, 18, 33, 31, 1, 45, 41, 45, 13, 33, 12, 40, 39, 29, 39, 40, 16, 39, 9, 1, 34, 38, 18, 26, 31, 3, 8, 6, 40, 45, 43, 14, 41, 1, 3, 1, 2, 38, 32, 3, 34, 40, 35, 29, 29, 37, 41, 40, 1, 5, 4, 5, 40, 30, 8, 2, 1, 3, 40, 34, 2, 34, 42, 24, 42, 40, 43, 2, 2, 38, 37, 1, 25, 30, 42, 41, 3, 35, 43, 4, 18, 41, 2, 3, 1, 38, 29, 8, 13, 38, 39, 42, 1, 32, 34, 9, 34, 35, 4, 42, 1, 79, 41, 5, 39, 4077, 41, 298, 38, 5, 50000, 2, 43, 723, 1, 1, 34, 2, 1087, 1, 44, 10, 124, 48, 36, 26, 29, 37, 310, 279, 25, 9, 5, 38, 35, 38, 38, 38, 30, 20, 37, 13, 5, 5, 33, 10, 41, 40, 4, 31, 30, 3, 22, 41, 46, 19, 8370, 26, 3, 12, 40, 37, 6, 2, 23, 14, 31, 11, 24, 33, 40, 18, 44, 42, 41, 29, 43, 1, 8, 18, 1, 8, 2, 1, 1, 33, 24, 40, 32, 1, 24, 41, 2, 23, 1, 9, 37, 3, 40, 40, 41, 29, 33, 22, 30, 1, 1, 29, 2, 1, 38, 17, 41, 48, 29, 24, 34, 2, 37, 1, 32, 41, 1, 10, 44, 14, 38, 4, 35, 41, 41, 28, 24, 3, 1, 42, 28, 34, 10, 36, 25, 49, 13, 28, 1, 40, 35, 41, 26, 11, 38, 17, 476, 35, 24, 30, 1, 1, 3333, 2, 13, 30, 29, 2, 39, 40, 41, 4, 29, 5, 42, 6, 3, 8, 167, 16, 33, 21, 50000, 13401, 3933, 1889]}