{"config": {"dataset": "data/dataset/256/nontrivial.jsonl", "table": "bge", "metric": "vector_cosine_ops", "embedder": "BAAI/bge-small-en", "normalize": true, "enrichment": "add_abstract", "batch_size": 16}, "averages": {"1.0": 0.00010499119615682849, "0.99": 0.00010499119615682849, "0.98": 0.00010499119615682849, "0.97": 0.00010499119615682849, "0.96": 0.00010499119615682849, "0.95": 0.00010499119615682849, "0.94": 0.00010499119615682849, "0.93": 0.00010499119615682849, "0.92": 0.00010499119615682849, "0.91": 0.00010499119615682849, "0.9": 0.00010499119615682849, "0.89": 0.00010499119615682849, "0.88": 0.00010499119615682849, "0.87": 0.00010499119615682849, "0.86": 0.00010499119615682849, "0.85": 0.00010499119615682849, "0.84": 0.00010499119615682849, "0.83": 0.00010499119615682849, "0.82": 0.00010499119615682849, "0.81": 0.00010499119615682849, "0.8": 0.00010499119615682849, "0.79": 0.00010499119615682849, "0.78": 0.00010499119615682849, "0.77": 0.00010499119615682849, "0.76": 0.00010499119615682849, "0.75": 0.00010499119615682849, "0.74": 0.00010499119615682849, "0.73": 0.00010499119615682849, "0.72": 0.00010499119615682849, "0.71": 0.00010499119615682849, "0.7": 0.00010499119615682849, "0.69": 0.00010499119615682849, "0.68": 0.00010499119615682849, "0.67": 0.00010499119615682849, "0.66": 0.00010499119615682849, "0.65": 0.00010499119615682849, "0.64": 0.00010499119615682849, "0.63": 0.00010499119615682849, "0.62": 0.00010499119615682849, "0.61": 0.00010499119615682849, "0.6": 0.00010499119615682849, "0.59": 0.00010499119615682849, "0.58": 0.00010499119615682849, "0.57": 0.00010499119615682849, "0.56": 0.00010499119615682849, "0.55": 0.00010499119615682849, "0.54": 0.00010499119615682849, "0.53": 0.00010499119615682849, "0.52": 0.00010499119615682849, "0.51": 0.00010499119615682849, "0.5": 0.00010499119615682849, "0.49": 0.00010499119615682849, "0.48": 0.00010499119615682849, "0.47": 0.00010499119615682849, "0.46": 0.00010499119615682849, "0.45": 0.00010499119615682849, "0.44": 0.00010499119615682849, "0.43": 0.00010499119615682849, "0.42": 0.00010499119615682849, "0.41": 0.00010499119615682849, "0.4": 0.00010499119615682849, "0.39": 0.00010499119615682849, "0.38": 0.00010499119615682849, "0.37": 0.00010499119615682849, "0.36": 0.00010499119615682849, "0.35": 0.00010499119615682849, "0.34": 0.00010499119615682849, "0.33": 0.00010499119615682849, "0.32": 0.00010499119615682849, "0.31": 0.00010499119615682849, "0.3": 0.00010499120719423426, "0.29": 0.00010499131467910225, "0.28": 0.00010499131467910225, "0.27": 0.00010499131467910225, "0.26": 0.00010499185394507287, "0.25": 0.0001049922939018499, "0.24": 0.00010499266651032222, "0.23": 0.0001049940508702872, "0.22": 0.0001049960206565401, "0.21": 0.00010500068964111376, "0.2": 0.00010501097513299077, "0.19": 0.00010503018254073656, "0.18": 0.00010505514671213028, "0.17": 0.0001051143382838763, "0.16": 0.00010525591042273317, "0.15": 0.00010560837990847746, "0.14": 0.00010649008336267134, "0.13": 0.00010881724300444034, "0.12": 0.0001154795190584273, "0.11": 0.00013881990886949557, "0.1": 0.0002255241143616787, "0.09": 0.0006446810196641122, "0.08": 0.004525645623489769, "0.07": 0.005936685062689711, "0.06": 0.010165069271110487, "0.05": 0.01275212508762506, "0.04": 0.015536564732253061, "0.03": 0.00625, "0.02": 0.0, "0.01": 0.0}}