{"config": {"dataset": "data/dataset/100/nontrivial.jsonl", "table": "lib", "target_column": "bge_norm", "metric": "vector_cosine_ops", "embedder": "BAAI/bge-small-en", "normalize": true, "enrichment": "add_title_and_abstract", "batch_size": 16, "top_k": 10000}, "averages": {"1.0": 0.00045490850419640876, "0.99": 0.00045490850419640876, "0.98": 0.00045490850419640876, "0.97": 0.00045490850419640876, "0.96": 0.00045490850419640876, "0.95": 0.00045490850419640876, "0.94": 0.00045490850419640876, "0.93": 0.00045490850419640876, "0.92": 0.00045490850419640876, "0.91": 0.00045490850419640876, "0.9": 0.00045490850419640876, "0.89": 0.00045490850419640876, "0.88": 0.00045490850419640876, "0.87": 0.00045490850419640876, "0.86": 0.00045490850419640876, "0.85": 0.00045490850419640876, "0.84": 0.00045490850419640876, "0.83": 0.00045490850419640876, "0.82": 0.00045490850419640876, "0.81": 0.00045490850419640876, "0.8": 0.00045490850419640876, "0.79": 0.00045490850419640876, "0.78": 0.00045490850419640876, "0.77": 0.00045490850419640876, "0.76": 0.00045490850419640876, "0.75": 0.00045490850419640876, "0.74": 0.00045490850419640876, "0.73": 0.00045490850419640876, "0.72": 0.00045490850419640876, "0.71": 0.00045490850419640876, "0.7": 0.00045490850419640876, "0.69": 0.00045490850419640876, "0.68": 0.00045490850419640876, "0.67": 0.00045490850419640876, "0.66": 0.00045490850419640876, "0.65": 0.00045490850419640876, "0.64": 0.00045490850419640876, "0.63": 0.00045490850419640876, "0.62": 0.00045490850419640876, "0.61": 0.00045490850419640876, "0.6": 0.00045490850419640876, "0.59": 0.00045490850419640876, "0.58": 0.00045490850419640876, "0.57": 0.00045490850419640876, "0.56": 0.00045490850419640876, "0.55": 0.00045490850419640876, "0.54": 0.00045490850419640876, "0.53": 0.00045490850419640876, "0.52": 0.00045490850419640876, "0.51": 0.00045490850419640876, "0.5": 0.00045490850419640876, "0.49": 0.00045490850419640876, "0.48": 0.00045490850419640876, "0.47": 0.00045490850419640876, "0.46": 0.00045490850419640876, "0.45": 0.00045490850419640876, "0.44": 0.00045490850419640876, "0.43": 0.00045490850419640876, "0.42": 0.00045490850419640876, "0.41": 0.00045490850419640876, "0.4": 0.00045490850419640876, "0.39": 0.00045490850419640876, "0.38": 0.00045490850419640876, "0.37": 0.00045490850419640876, "0.36": 0.00045490850419640876, "0.35": 0.00045490850419640876, "0.34": 0.00045490850419640876, "0.33": 0.00045490850419640876, "0.32": 0.00045490850419640876, "0.31": 0.00045490850419640876, "0.3": 0.00045490850419640876, "0.29": 0.00045490850419640876, "0.28": 0.00045490850419640876, "0.27": 0.00045490850419640876, "0.26": 0.00045490850419640876, "0.25": 0.00045490850419640876, "0.24": 0.00045490850419640876, "0.23": 0.00045490850419640876, "0.22": 0.00045490850419640876, "0.21": 0.00045490850419640876, "0.2": 0.00045490850419640876, "0.19": 0.00045490850419640876, "0.18": 0.00045490850419640876, "0.17": 0.00045490850419640876, "0.16": 0.00045490850419640876, "0.15": 0.00045491106918685417, "0.14": 0.0004549136367773913, "0.13": 0.0004651734521490886, "0.12": 0.0005366318695406865, "0.11": 0.0008832332879426031, "0.1": 0.0013069471500819754, "0.09": 0.0017345165428713973, "0.08": 0.004737573846787644, "0.07": 0.013256512852650709, "0.06": 0.014364046576611387, "0.05": 0.012354049673730523, "0.04": 0.02333333333333333, "0.03": 0.01, "0.02": 0.0, "0.01": 0.0}, "avg_best_top_k": 1355.3775510204082, "avg_best_distance_threshold": 0.06395833333333263}