{"config": {"dataset": "data/dataset/small/nontrivial.jsonl", "table": "astrobert", "metric": "vector_cosine_ops", "embedder": "adsabs/astroBERT", "normalize": false, "enrichment": "identity", "batch_size": 16}, "averages": {"1.0": 2.5712314869678505e-05, "0.99": 2.5712314869678505e-05, "0.98": 2.5712314869678505e-05, "0.97": 2.5712314869678505e-05, "0.96": 2.5712314869678505e-05, "0.95": 2.5712314869678505e-05, "0.94": 2.5712314869678505e-05, "0.93": 2.5712314869678505e-05, "0.92": 2.5712314869678505e-05, "0.91": 2.5712314869678505e-05, "0.9": 2.5712314869678505e-05, "0.89": 2.5712314869678505e-05, "0.88": 2.5712314869678505e-05, "0.87": 2.5712314869678505e-05, "0.86": 2.5712314869678505e-05, "0.85": 2.5712314869678505e-05, "0.84": 2.5712314869678505e-05, "0.83": 2.5712314869678505e-05, "0.82": 2.5712314869678505e-05, "0.81": 2.5712314869678505e-05, "0.8": 2.5712314869678505e-05, "0.79": 2.5712314869678505e-05, "0.78": 2.5712314869678505e-05, "0.77": 2.5712314869678505e-05, "0.76": 2.5712314869678505e-05, "0.75": 2.5712314869678505e-05, "0.74": 2.5712314869678505e-05, "0.73": 2.5712314869678505e-05, "0.72": 2.5712314869678505e-05, "0.71": 2.5712314869678505e-05, "0.7": 2.5712314869678505e-05, "0.69": 2.5712314869678505e-05, "0.68": 2.5712314869678505e-05, "0.67": 2.5712314869678505e-05, "0.66": 2.5712314869678505e-05, "0.65": 2.5712314869678505e-05, "0.64": 2.5712548011638473e-05, "0.63": 2.5712548011638473e-05, "0.62": 2.571278119387867e-05, "0.61": 2.5713831012707374e-05, "0.6": 2.5715115233991715e-05, "0.59": 2.571721932359228e-05, "0.58": 2.5720616147452335e-05, "0.57": 2.5725316148356597e-05, "0.56": 2.573482856283865e-05, "0.55": 2.5751746246662037e-05, "0.54": 2.5776107644755e-05, "0.53": 2.5822814790529454e-05, "0.52": 2.5896504274852626e-05, "0.51": 2.601534221593892e-05, "0.5": 2.6195347802305483e-05, "0.49": 2.647939430781431e-05, "0.48": 2.689101695198567e-05, "0.47": 2.7532410867464312e-05, "0.46": 2.8509429301036263e-05, "0.45": 3.003680136206931e-05, "0.44": 3.236123308822649e-05, "0.43": 3.614254827102358e-05, "0.42": 4.2261654513781065e-05, "0.41": 5.210973641635784e-05, "0.4": 2.3597505119649752e-05, "0.39": 2.4000163555683513e-05, "0.38": 1.948370613411033e-05, "0.37": 1.9551170836632336e-05, "0.36": 1.9660365444740344e-05, "0.35": 1.982461322880411e-05, "0.34": 2.0075508639319923e-05, "0.33": 2.0457672429081327e-05, "0.32": 2.1030719402338682e-05, "0.31": 2.190496248998606e-05, "0.3": 2.3220346651476914e-05, "0.29": 2.5234765135109618e-05, "0.28": 2.1152722026013586e-05, "0.27": 2.524669469178929e-05, "0.26": 3.244796099594797e-05, "0.25": 4.7057225036837675e-05, "0.24": 7.783915239509421e-05, "0.23": 2.633599369481642e-05, "0.22": 1.746366366429888e-05, "0.21": 2.7204407111768473e-05, "0.2": 4.773986958305448e-05, "0.19": 2.978514910522234e-05, "0.18": 7.367211993421818e-05, "0.17": 2.1899088997897686e-05, "0.16": 4.2002688172043014e-05, "0.15": 9.27299703264095e-05, "0.14": 0.0, "0.13": 0.0, "0.12": 0.0, "0.11": 0.0, "0.1": 0.0, "0.09": 0.0, "0.08": 0.0, "0.07": 0.0, "0.06": 0.0, "0.05": 0.0, "0.04": 0.0, "0.03": 0.0, "0.02": 0.0, "0.01": 0.0}}