{"config": {"dataset": "data/dataset/10000/nontrivial.jsonl", "table": "lib", "target_column": "bge_norm", "metric": "vector_cosine_ops", "embedder": "BAAI/bge-small-en", "normalize": true, "enrichment": "identity", "batch_size": 16, "top_k": 10000}, "averages": {"1.0": 0.00030716487879045134, "0.99": 0.00030716487879045134, "0.98": 0.00030716487879045134, "0.97": 0.00030716487879045134, "0.96": 0.00030716487879045134, "0.95": 0.00030716487879045134, "0.94": 0.00030716487879045134, "0.93": 0.00030716487879045134, "0.92": 0.00030716487879045134, "0.91": 0.00030716487879045134, "0.9": 0.00030716487879045134, "0.89": 0.00030716487879045134, "0.88": 0.00030716487879045134, "0.87": 0.00030716487879045134, "0.86": 0.00030716487879045134, "0.85": 0.00030716487879045134, "0.84": 0.00030716487879045134, "0.83": 0.00030716487879045134, "0.82": 0.00030716487879045134, "0.81": 0.00030716487879045134, "0.8": 0.00030716487879045134, "0.79": 0.00030716487879045134, "0.78": 0.00030716487879045134, "0.77": 0.00030716487879045134, "0.76": 0.00030716487879045134, "0.75": 0.00030716487879045134, "0.74": 0.00030716487879045134, "0.73": 0.00030716487879045134, "0.72": 0.00030716487879045134, "0.71": 0.00030716487879045134, "0.7": 0.00030716487879045134, "0.69": 0.00030716487879045134, "0.68": 0.00030716487879045134, "0.67": 0.00030716487879045134, "0.66": 0.00030716487879045134, "0.65": 0.00030716487879045134, "0.64": 0.00030716487879045134, "0.63": 0.00030716487879045134, "0.62": 0.00030716487879045134, "0.61": 0.00030716487879045134, "0.6": 0.00030716487879045134, "0.59": 0.00030716487879045134, "0.58": 0.00030716487879045134, "0.57": 0.00030716487879045134, "0.56": 0.00030716487879045134, "0.55": 0.00030716487879045134, "0.54": 0.00030716487879045134, "0.53": 0.00030716487879045134, "0.52": 0.00030716487879045134, "0.51": 0.00030716487879045134, "0.5": 0.00030716487879045134, "0.49": 0.00030716487879045134, "0.48": 0.00030716487879045134, "0.47": 0.00030716487879045134, "0.46": 0.00030716487879045134, "0.45": 0.00030716487879045134, "0.44": 0.00030716487879045134, "0.43": 0.00030716487879045134, "0.42": 0.00030716487879045134, "0.41": 0.00030716487879045134, "0.4": 0.00030716487879045134, "0.39": 0.00030716487879045134, "0.38": 0.00030716487879045134, "0.37": 0.00030716487879045134, "0.36": 0.00030716487879045134, "0.35": 0.00030716487879045134, "0.34": 0.0003071649163131151, "0.33": 0.00030716551487035054, "0.32": 0.0003071668955727111, "0.31": 0.0003071745461714473, "0.3": 0.0003071928673573265, "0.29": 0.0003072531959944385, "0.28": 0.00030739376761201767, "0.27": 0.00030767565040617324, "0.26": 0.0003094552048607533, "0.25": 0.00031482019782458457, "0.24": 0.00033027135556083147, "0.23": 0.00038131762878231815, "0.22": 0.0005039386346331591, "0.21": 0.0010292727763418085, "0.2": 0.0014966986060498404, "0.19": 0.002666790698299533, "0.18": 0.0050855597427590235, "0.17": 0.007961638439190726, "0.16": 0.011813031925979506, "0.15": 0.015574017309091406, "0.14": 0.0209104352627866, "0.13": 0.0191753454996342, "0.12": 0.019125532969084647, "0.11": 0.01835224133584489, "0.1": 0.01868653358046072, "0.09": 0.017920319780659593, "0.08": 0.014005054338536346, "0.07": 0.011020425355592459, "0.06": 0.006622329286384495, "0.05": 0.002822893557422969, "0.04": 0.0007, "0.03": 0.0001, "0.02": 0.0, "0.01": 0.0}, "avg_best_top_k": 1099.1644, "avg_best_distance_threshold": 0.110989}