{"config": {"dataset": "data/dataset/100/nontrivial.jsonl", "table": "lib", "target_column": "bert", "metric": "vector_cosine_ops", "embedder": "bert-base-uncased", "normalize": true, "enrichment": "add_title_abstract_prev3", "batch_size": 16, "top_k": 10000}, "averages": {"1.0": 0.0001189201064166516, "0.99": 0.0001189201064166516, "0.98": 0.0001189201064166516, "0.97": 0.0001189201064166516, "0.96": 0.0001189201064166516, "0.95": 0.0001189201064166516, "0.94": 0.0001189201064166516, "0.93": 0.0001189201064166516, "0.92": 0.0001189201064166516, "0.91": 0.0001189201064166516, "0.9": 0.0001189201064166516, "0.89": 0.0001189201064166516, "0.88": 0.0001189201064166516, "0.87": 0.0001189201064166516, "0.86": 0.0001189201064166516, "0.85": 0.0001189201064166516, "0.84": 0.0001189201064166516, "0.83": 0.0001189201064166516, "0.82": 0.0001189201064166516, "0.81": 0.0001189201064166516, "0.8": 0.0001189201064166516, "0.79": 0.0001189201064166516, "0.78": 0.0001189201064166516, "0.77": 0.0001189201064166516, "0.76": 0.0001189201064166516, "0.75": 0.0001189201064166516, "0.74": 0.0001189201064166516, "0.73": 0.0001189201064166516, "0.72": 0.0001189201064166516, "0.71": 0.0001189201064166516, "0.7": 0.0001189201064166516, "0.69": 0.0001189201064166516, "0.68": 0.0001189201064166516, "0.67": 0.0001189201064166516, "0.66": 0.0001189201064166516, "0.65": 0.0001189201064166516, "0.64": 0.0001189201064166516, "0.63": 0.0001189201064166516, "0.62": 0.0001189201064166516, "0.61": 0.0001189201064166516, "0.6": 0.0001189201064166516, "0.59": 0.0001189201064166516, "0.58": 0.0001189201064166516, "0.57": 0.0001189201064166516, "0.56": 0.0001189201064166516, "0.55": 0.0001189201064166516, "0.54": 0.0001189201064166516, "0.53": 0.0001189201064166516, "0.52": 0.0001189201064166516, "0.51": 0.0001189201064166516, "0.5": 0.0001189201064166516, "0.49": 0.0001189201064166516, "0.48": 0.0001189201064166516, "0.47": 0.0001189201064166516, "0.46": 0.0001189201064166516, "0.45": 0.0001189201064166516, "0.44": 0.0001189201064166516, "0.43": 0.0001189201064166516, "0.42": 0.0001189201064166516, "0.41": 0.0001189201064166516, "0.4": 0.0001189201064166516, "0.39": 0.0001189201064166516, "0.38": 0.0001189201064166516, "0.37": 0.0001189201064166516, "0.36": 0.0001189201064166516, "0.35": 0.0001189201064166516, "0.34": 0.0001189201064166516, "0.33": 0.0001189201064166516, "0.32": 0.0001189201064166516, "0.31": 0.0001189201064166516, "0.3": 0.0001189201064166516, "0.29": 0.0001189201064166516, "0.28": 0.0001189201064166516, "0.27": 0.00011892066332096755, "0.26": 0.00011892177791860198, "0.25": 0.00011892680666346636, "0.24": 0.00011893467187088987, "0.23": 0.00011895664056425758, "0.22": 0.00011905169369121341, "0.21": 0.00012073774340197447, "0.2": 0.00012437367126223348, "0.19": 0.00013323270927899939, "0.18": 0.00015922603549971384, "0.17": 0.00023001954421564315, "0.16": 0.00037127332833902094, "0.15": 0.0006324803649074512, "0.14": 0.0014559317328013328, "0.13": 0.004101961618334023, "0.12": 0.010754549913682734, "0.11": 0.0009481063624610694, "0.1": 0.0006154863721459239, "0.09": 0.00020253930593159265, "0.08": 0.0, "0.07": 0.0, "0.06": 0.0, "0.05": 0.0, "0.04": 0.0, "0.03": 0.0, "0.02": 0.0, "0.01": 0.0}, "avg_best_top_k": 1796.1770833333333, "avg_best_distance_threshold": 0.06228260869565179}