{"config": {"dataset": "data/dataset/nontrivial_llm.jsonl", "table": "lib", "target_column": "bge_norm", "metric": "vector_cosine_ops", "embedder": "BAAI/bge-small-en", "normalize": true, "enrichment": "identity", "batch_size": 16, "top_k": 10000}, "averages": {"1.0": 0.01778810482163146, "0.99": 0.01778810482163146, "0.98": 0.01778810482163146, "0.97": 0.01778810482163146, "0.96": 0.01778810482163146, "0.95": 0.01778810482163146, "0.94": 0.01778810482163146, "0.93": 0.01778810482163146, "0.92": 0.01778810482163146, "0.91": 0.01778810482163146, "0.9": 0.01778810482163146, "0.89": 0.01778810482163146, "0.88": 0.01778810482163146, "0.87": 0.01778810482163146, "0.86": 0.01778810482163146, "0.85": 0.01778810482163146, "0.84": 0.01778810482163146, "0.83": 0.01778810482163146, "0.82": 0.01778810482163146, "0.81": 0.01778810482163146, "0.8": 0.01778810482163146, "0.79": 0.01778810482163146, "0.78": 0.01778810482163146, "0.77": 0.01778810482163146, "0.76": 0.01778810482163146, "0.75": 0.01778810482163146, "0.74": 0.01778810482163146, "0.73": 0.01778810482163146, "0.72": 0.01778810482163146, "0.71": 0.01778810482163146, "0.7": 0.01778810482163146, "0.69": 0.01778810482163146, "0.68": 0.01778810482163146, "0.67": 0.01778810482163146, "0.66": 0.01778810482163146, "0.65": 0.01778810482163146, "0.64": 0.01778810482163146, "0.63": 0.01778810482163146, "0.62": 0.01778810482163146, "0.61": 0.01778810482163146, "0.6": 0.01778810482163146, "0.59": 0.01778810482163146, "0.58": 0.01778810482163146, "0.57": 0.01778810482163146, "0.56": 0.01778810482163146, "0.55": 0.01778810482163146, "0.54": 0.01778810482163146, "0.53": 0.01778810482163146, "0.52": 0.01778810482163146, "0.51": 0.01778810482163146, "0.5": 0.01778810482163146, "0.49": 0.01778810482163146, "0.48": 0.01778810482163146, "0.47": 0.01778810482163146, "0.46": 0.01778810482163146, "0.45": 0.01778810482163146, "0.44": 0.01778810482163146, "0.43": 0.01778810482163146, "0.42": 0.01778810482163146, "0.41": 0.01778810482163146, "0.4": 0.01778810482163146, "0.39": 0.01778810482163146, "0.38": 0.01778810482163146, "0.37": 0.01778810482163146, "0.36": 0.01778810482163146, "0.35": 0.01778810482163146, "0.34": 0.01778810482163146, "0.33": 0.01778810482163146, "0.32": 0.01778810482163146, "0.31": 0.01778810482163146, "0.3": 0.01778810482163146, "0.29": 0.01778810482163146, "0.28": 0.01778810482163146, "0.27": 0.01778810482163146, "0.26": 0.01778810482163146, "0.25": 0.01778810482163146, "0.24": 0.01778810482163146, "0.23": 0.01778810482163146, "0.22": 0.01778810482163146, "0.21": 0.01778810482163146, "0.2": 0.01778810482163146, "0.19": 0.01778810482163146, "0.18": 0.017850580792411926, "0.17": 0.01765554521017159, "0.16": 0.018407895032590615, "0.15": 0.020472025055756137, "0.14": 0.02480518166806777, "0.13": 0.02010122134464192, "0.12": 0.01781598632680203, "0.11": 0.01823379737743641, "0.1": 0.02205252671506, "0.09": 0.022421701408892235, "0.08": 0.025180756191665755, "0.07": 0.019424545163807868, "0.06": 0.011301742919389979, "0.05": 0.004639355742296919, "0.04": 0.0, "0.03": 0.0, "0.02": 0.0, "0.01": 0.0}, "avg_best_top_k": 8.156862745098039, "avg_best_distance_threshold": 0.02482843137254881}