{"config": {"dataset": "data/dataset/100/nontrivial.jsonl", "table": "lib", "target_column": "astrobert", "metric": "vector_cosine_ops", "embedder": "adsabs/astroBERT", "normalize": true, "enrichment": "add_prev_3", "batch_size": 16, "top_k": 10000}, "averages": {"1.0": 0.0002333421531586264, "0.99": 0.0002333421531586264, "0.98": 0.0002333421531586264, "0.97": 0.0002333421531586264, "0.96": 0.0002333421531586264, "0.95": 0.0002333421531586264, "0.94": 0.0002333421531586264, "0.93": 0.0002333421531586264, "0.92": 0.0002333421531586264, "0.91": 0.0002333421531586264, "0.9": 0.0002333421531586264, "0.89": 0.0002333421531586264, "0.88": 0.0002333421531586264, "0.87": 0.0002333421531586264, "0.86": 0.0002333421531586264, "0.85": 0.0002333421531586264, "0.84": 0.0002333421531586264, "0.83": 0.0002333421531586264, "0.82": 0.0002333421531586264, "0.81": 0.0002333421531586264, "0.8": 0.0002333421531586264, "0.79": 0.0002333421531586264, "0.78": 0.0002333421531586264, "0.77": 0.0002333421531586264, "0.76": 0.0002333421531586264, "0.75": 0.0002333421531586264, "0.74": 0.0002333421531586264, "0.73": 0.0002333421531586264, "0.72": 0.0002333421531586264, "0.71": 0.0002333421531586264, "0.7": 0.0002333421531586264, "0.69": 0.0002333421531586264, "0.68": 0.0002333421531586264, "0.67": 0.0002333421531586264, "0.66": 0.0002333421531586264, "0.65": 0.0002333421531586264, "0.64": 0.0002333421531586264, "0.63": 0.0002333421531586264, "0.62": 0.0002333421531586264, "0.61": 0.0002333421531586264, "0.6": 0.0002333421531586264, "0.59": 0.0002333421531586264, "0.58": 0.0002333421531586264, "0.57": 0.0002333421531586264, "0.56": 0.0002333421531586264, "0.55": 0.0002333421531586264, "0.54": 0.0002333421531586264, "0.53": 0.0002333421531586264, "0.52": 0.0002333421531586264, "0.51": 0.0002333421531586264, "0.5": 0.0002333421531586264, "0.49": 0.0002333421531586264, "0.48": 0.0002333421531586264, "0.47": 0.0002333421531586264, "0.46": 0.0002333421531586264, "0.45": 0.0002333421531586264, "0.44": 0.0002333421531586264, "0.43": 0.0002333421531586264, "0.42": 0.0002333421531586264, "0.41": 0.0002333421531586264, "0.4": 0.00023357288782539117, "0.39": 0.0002350372978627897, "0.38": 0.00023724578641455332, "0.37": 0.00024076379888615527, "0.36": 0.0002456033727731973, "0.35": 0.00025551326157090075, "0.34": 0.00027486302012278823, "0.33": 0.0003101546320451171, "0.32": 0.0003588191062835547, "0.31": 0.0002543933426754238, "0.3": 0.00026132381314023385, "0.29": 0.0002533756122481224, "0.28": 0.0002717300142851785, "0.27": 0.0003021865816885704, "0.26": 0.00025793752888755915, "0.25": 0.0002975392820627335, "0.24": 0.0003785889201364661, "0.23": 0.00034214542572874796, "0.22": 0.00038049317709183575, "0.21": 0.0005059886892420129, "0.2": 0.000722902896387541, "0.19": 0.0004975146639912804, "0.18": 0.0007997965148123156, "0.17": 0.0014644701248083649, "0.16": 0.002758399712546967, "0.15": 0.005204098821134179, "0.14": 0.0030033898573693808, "0.13": 0.0035843053051587232, "0.12": 0.006030119203452847, "0.11": 0.012843782528941063, "0.1": 0.02767200835301095, "0.09": 0.021731939531527723, "0.08": 0.020533670033670032, "0.07": 0.001480117820324006, "0.06": 8.620689655172413e-05, "0.05": 0.00022727272727272727, "0.04": 0.002, "0.03": 0.0, "0.02": 0.0, "0.01": 0.0}, "avg_best_top_k": 1733.374358974359, "avg_best_distance_threshold": 0.1322105263157889}