{"config": {"dataset": "data/dataset/nontrivial_llm.jsonl", "table": "lib", "target_column": "astrobert", "metric": "vector_cosine_ops", "embedder": "adsabs/astroBERT", "normalize": false, "enrichment": "identity", "batch_size": 16, "top_k": 10000}, "averages": {"1.0": 0.0013230738715243663, "0.99": 0.0013230738715243663, "0.98": 0.0013230738715243663, "0.97": 0.0013230738715243663, "0.96": 0.0013230738715243663, "0.95": 0.0013230738715243663, "0.94": 0.0013230738715243663, "0.93": 0.0013230738715243663, "0.92": 0.0013230738715243663, "0.91": 0.0013230738715243663, "0.9": 0.0013230738715243663, "0.89": 0.0013230738715243663, "0.88": 0.0013230738715243663, "0.87": 0.0013230738715243663, "0.86": 0.0013230738715243663, "0.85": 0.0013230738715243663, "0.84": 0.0013230738715243663, "0.83": 0.0013230738715243663, "0.82": 0.0013230738715243663, "0.81": 0.0013230738715243663, "0.8": 0.0013230738715243663, "0.79": 0.0013230738715243663, "0.78": 0.0013230738715243663, "0.77": 0.0013230738715243663, "0.76": 0.0013230738715243663, "0.75": 0.0013230738715243663, "0.74": 0.0013230738715243663, "0.73": 0.0013230738715243663, "0.72": 0.0013230738715243663, "0.71": 0.0013230738715243663, "0.7": 0.0013230738715243663, "0.69": 0.0013230738715243663, "0.68": 0.0013230738715243663, "0.67": 0.0013230738715243663, "0.66": 0.0013230738715243663, "0.65": 0.0013230738715243663, "0.64": 0.0013230738715243663, "0.63": 0.0013230738715243663, "0.62": 0.0013230738715243663, "0.61": 0.0013230738715243663, "0.6": 0.0013230738715243663, "0.59": 0.0013230738715243663, "0.58": 0.0013230738715243663, "0.57": 0.0013230738715243663, "0.56": 0.0013230738715243663, "0.55": 0.0013230738715243663, "0.54": 0.0013230738715243663, "0.53": 0.0013230738715243663, "0.52": 0.0013230738715243663, "0.51": 0.0013230738715243663, "0.5": 0.0013230738715243663, "0.49": 0.0013230738715243663, "0.48": 0.0013230738715243663, "0.47": 0.0013230738715243663, "0.46": 0.0013230738715243663, "0.45": 0.0013230738715243663, "0.44": 0.0013230738715243663, "0.43": 0.0013230738715243663, "0.42": 0.0013230738715243663, "0.41": 0.0013230738715243663, "0.4": 0.0013230738715243663, "0.39": 0.0013230738715243663, "0.38": 0.0013230738715243663, "0.37": 0.0013230738715243663, "0.36": 0.0013230738715243663, "0.35": 0.0013230738715243663, "0.34": 0.0013230738715243663, "0.33": 0.0013230738715243663, "0.32": 0.0013230738715243663, "0.31": 0.0013230738715243663, "0.3": 0.0013230738715243663, "0.29": 0.0013230738715243663, "0.28": 0.0013230738715243663, "0.27": 0.0013230738715243663, "0.26": 0.0013230738715243663, "0.25": 0.0013230738715243663, "0.24": 0.0013230738715243663, "0.23": 0.0013230738715243663, "0.22": 0.0013230738715243663, "0.21": 0.0013230738715243663, "0.2": 0.0013230738715243663, "0.19": 0.0013230738715243663, "0.18": 0.0013230738715243663, "0.17": 0.0013230738715243663, "0.16": 0.0013402135945464423, "0.15": 0.0014739034341186349, "0.14": 0.0020879952246810134, "0.13": 0.004234906620818416, "0.12": 0.0011419841482197307, "0.11": 0.0009488874378580261, "0.1": 0.00035014005602240897, "0.09": 0.0012254901960784314, "0.08": 0.0, "0.07": 0.0, "0.06": 0.0, "0.05": 0.0, "0.04": 0.0, "0.03": 0.0, "0.02": 0.0, "0.01": 0.0}, "avg_best_top_k": 2.031862745098039, "avg_best_distance_threshold": 0.0027205882352941005}