{"config": {"dataset": "data/dataset/256/nontrivial.jsonl", "table": "bge", "metric": "vector_cosine_ops", "embedder": "BAAI/bge-small-en", "normalize": true, "enrichment": "add_title_and_abstract", "batch_size": 16}, "averages": {"1.0": 0.00010891789359632164, "0.99": 0.00010891789359632164, "0.98": 0.00010891789359632164, "0.97": 0.00010891789359632164, "0.96": 0.00010891789359632164, "0.95": 0.00010891789359632164, "0.94": 0.00010891789359632164, "0.93": 0.00010891789359632164, "0.92": 0.00010891789359632164, "0.91": 0.00010891789359632164, "0.9": 0.00010891789359632164, "0.89": 0.00010891789359632164, "0.88": 0.00010891789359632164, "0.87": 0.00010891789359632164, "0.86": 0.00010891789359632164, "0.85": 0.00010891789359632164, "0.84": 0.00010891789359632164, "0.83": 0.00010891789359632164, "0.82": 0.00010891789359632164, "0.81": 0.00010891789359632164, "0.8": 0.00010891789359632164, "0.79": 0.00010891789359632164, "0.78": 0.00010891789359632164, "0.77": 0.00010891789359632164, "0.76": 0.00010891789359632164, "0.75": 0.00010891789359632164, "0.74": 0.00010891789359632164, "0.73": 0.00010891789359632164, "0.72": 0.00010891789359632164, "0.71": 0.00010891789359632164, "0.7": 0.00010891789359632164, "0.69": 0.00010891789359632164, "0.68": 0.00010891789359632164, "0.67": 0.00010891789359632164, "0.66": 0.00010891789359632164, "0.65": 0.00010891789359632164, "0.64": 0.00010891789359632164, "0.63": 0.00010891789359632164, "0.62": 0.00010891789359632164, "0.61": 0.00010891789359632164, "0.6": 0.00010891789359632164, "0.59": 0.00010891789359632164, "0.58": 0.00010891789359632164, "0.57": 0.00010891789359632164, "0.56": 0.00010891789359632164, "0.55": 0.00010891789359632164, "0.54": 0.00010891789359632164, "0.53": 0.00010891789359632164, "0.52": 0.00010891789359632164, "0.51": 0.00010891789359632164, "0.5": 0.00010891789359632164, "0.49": 0.00010891789359632164, "0.48": 0.00010891789359632164, "0.47": 0.00010891789359632164, "0.46": 0.00010891789359632164, "0.45": 0.00010891789359632164, "0.44": 0.00010891789359632164, "0.43": 0.00010891789359632164, "0.42": 0.00010891789359632164, "0.41": 0.00010891789359632164, "0.4": 0.00010891789359632164, "0.39": 0.00010891789359632164, "0.38": 0.00010891789359632164, "0.37": 0.00010891789359632164, "0.36": 0.00010891789359632164, "0.35": 0.00010891789359632164, "0.34": 0.00010891789359632164, "0.33": 0.00010891789359632164, "0.32": 0.00010891789359632164, "0.31": 0.00010891789359632164, "0.3": 0.00010891803529539371, "0.29": 0.00010891803529539371, "0.28": 0.0001089180567145824, "0.27": 0.00010891837826558283, "0.26": 0.00010891912237152894, "0.25": 0.00010891935583907106, "0.24": 0.00010892065569193253, "0.23": 0.00010892302630027927, "0.22": 0.00010892757413335777, "0.21": 0.00010893520183886412, "0.2": 0.00010894928886799803, "0.19": 0.000108974547555798, "0.18": 0.00010903138447170738, "0.17": 0.00010916896922541746, "0.16": 0.00010952089346699332, "0.15": 0.0001104535831032483, "0.14": 0.00011255736368922628, "0.13": 0.00011711473623840086, "0.12": 0.00013455325293298606, "0.11": 0.00019367195113840013, "0.1": 0.00042401604984716794, "0.09": 0.004523890145974774, "0.08": 0.0052565407910622015, "0.07": 0.007507591689201081, "0.06": 0.012453655221735034, "0.05": 0.01798349110741089, "0.04": 0.01576158569285084, "0.03": 0.009548611111111112, "0.02": 0.0, "0.01": 0.0}}