{"config": {"dataset": "data/dataset/small/nontrivial.jsonl", "table": "bert", "metric": "vector_cosine_ops", "embedder": "bert-base-uncased", "normalize": false, "enrichment": "identity", "batch_size": 256}, "averages": {"1.0": 1.8585978737640324e-05, "0.99": 1.8585978737640324e-05, "0.98": 1.8585978737640324e-05, "0.97": 1.8585978737640324e-05, "0.96": 1.8585978737640324e-05, "0.95": 1.8585978737640324e-05, "0.94": 1.8585978737640324e-05, "0.93": 1.8585978737640324e-05, "0.92": 1.8585978737640324e-05, "0.91": 1.8585978737640324e-05, "0.9": 1.8585978737640324e-05, "0.89": 1.8585978737640324e-05, "0.88": 1.8585978737640324e-05, "0.87": 1.8585978737640324e-05, "0.86": 1.8585978737640324e-05, "0.85": 1.8585978737640324e-05, "0.84": 1.8585978737640324e-05, "0.83": 1.8585978737640324e-05, "0.82": 1.8585978737640324e-05, "0.81": 1.8585978737640324e-05, "0.8": 1.8585978737640324e-05, "0.79": 1.8585978737640324e-05, "0.78": 1.8585978737640324e-05, "0.77": 1.8585978737640324e-05, "0.76": 1.8585978737640324e-05, "0.75": 1.8585978737640324e-05, "0.74": 1.8585978737640324e-05, "0.73": 1.8585978737640324e-05, "0.72": 1.8585978737640324e-05, "0.71": 1.8585978737640324e-05, "0.7": 1.8585978737640324e-05, "0.69": 1.8585978737640324e-05, "0.68": 1.8585978737640324e-05, "0.67": 1.8585978737640324e-05, "0.66": 1.8585978737640324e-05, "0.65": 1.8585978737640324e-05, "0.64": 1.8585978737640324e-05, "0.63": 1.8585978737640324e-05, "0.62": 1.8585978737640324e-05, "0.61": 1.8585978737640324e-05, "0.6": 1.8585978737640324e-05, "0.59": 1.8585978737640324e-05, "0.58": 1.8585978737640324e-05, "0.57": 1.8585978737640324e-05, "0.56": 1.8585978737640324e-05, "0.55": 1.8585978737640324e-05, "0.54": 1.8585978737640324e-05, "0.53": 1.8585978737640324e-05, "0.52": 1.8586021919071167e-05, "0.51": 1.8586021919071167e-05, "0.5": 1.8586021919071167e-05, "0.49": 1.8586021919071167e-05, "0.48": 1.8586021919071167e-05, "0.47": 1.8586021919071167e-05, "0.46": 1.8586021919071167e-05, "0.45": 1.8586021919071167e-05, "0.44": 1.8586021919071167e-05, "0.43": 1.858604351099051e-05, "0.42": 1.858604351099051e-05, "0.41": 1.858610828514337e-05, "0.4": 1.8586237839870877e-05, "0.39": 1.858641057843783e-05, "0.38": 1.8586669722417932e-05, "0.37": 1.858690725761878e-05, "0.36": 1.858742553996448e-05, "0.35": 1.858826797820753e-05, "0.34": 1.8590083275288703e-05, "0.33": 1.8592981262790523e-05, "0.32": 1.8598654412387033e-05, "0.31": 1.8608696128685097e-05, "0.3": 1.862879084689914e-05, "0.29": 1.8664538505083074e-05, "0.28": 1.8731930571389783e-05, "0.27": 1.885563713814708e-05, "0.26": 1.9073780252312e-05, "0.25": 1.948612961509776e-05, "0.24": 1.892686806275123e-05, "0.23": 2.0327036778980052e-05, "0.22": 2.2854627897431814e-05, "0.21": 2.7820142945031864e-05, "0.2": 3.426276823704976e-05, "0.19": 5.312294282241622e-05, "0.18": 0.00018682667098069705, "0.17": 3.3940270984500895e-05, "0.16": 3.862827253102088e-05, "0.15": 3.065067646042492e-05, "0.14": 3.532817272816731e-05, "0.13": 6.415594225728793e-05, "0.12": 2.3312196941439763e-05, "0.11": 0.0, "0.1": 0.0, "0.09": 0.0, "0.08": 0.0, "0.07": 0.0, "0.06": 0.0, "0.05": 0.0, "0.04": 0.0, "0.03": 0.0, "0.02": 0.0, "0.01": 0.0}}