{"config": {"dataset": "data/dataset/100/nontrivial.jsonl", "table": "lib", "target_column": "bge_norm", "metric": "vector_cosine_ops", "embedder": "BAAI/bge-small-en", "normalize": true, "enrichment": "add_title_prev_3", "batch_size": 16, "top_k": 10000}, "averages": {"1.0": 0.0004163144943042199, "0.99": 0.0004163144943042199, "0.98": 0.0004163144943042199, "0.97": 0.0004163144943042199, "0.96": 0.0004163144943042199, "0.95": 0.0004163144943042199, "0.94": 0.0004163144943042199, "0.93": 0.0004163144943042199, "0.92": 0.0004163144943042199, "0.91": 0.0004163144943042199, "0.9": 0.0004163144943042199, "0.89": 0.0004163144943042199, "0.88": 0.0004163144943042199, "0.87": 0.0004163144943042199, "0.86": 0.0004163144943042199, "0.85": 0.0004163144943042199, "0.84": 0.0004163144943042199, "0.83": 0.0004163144943042199, "0.82": 0.0004163144943042199, "0.81": 0.0004163144943042199, "0.8": 0.0004163144943042199, "0.79": 0.0004163144943042199, "0.78": 0.0004163144943042199, "0.77": 0.0004163144943042199, "0.76": 0.0004163144943042199, "0.75": 0.0004163144943042199, "0.74": 0.0004163144943042199, "0.73": 0.0004163144943042199, "0.72": 0.0004163144943042199, "0.71": 0.0004163144943042199, "0.7": 0.0004163144943042199, "0.69": 0.0004163144943042199, "0.68": 0.0004163144943042199, "0.67": 0.0004163144943042199, "0.66": 0.0004163144943042199, "0.65": 0.0004163144943042199, "0.64": 0.0004163144943042199, "0.63": 0.0004163144943042199, "0.62": 0.0004163144943042199, "0.61": 0.0004163144943042199, "0.6": 0.0004163144943042199, "0.59": 0.0004163144943042199, "0.58": 0.0004163144943042199, "0.57": 0.0004163144943042199, "0.56": 0.0004163144943042199, "0.55": 0.0004163144943042199, "0.54": 0.0004163144943042199, "0.53": 0.0004163144943042199, "0.52": 0.0004163144943042199, "0.51": 0.0004163144943042199, "0.5": 0.0004163144943042199, "0.49": 0.0004163144943042199, "0.48": 0.0004163144943042199, "0.47": 0.0004163144943042199, "0.46": 0.0004163144943042199, "0.45": 0.0004163144943042199, "0.44": 0.0004163144943042199, "0.43": 0.0004163144943042199, "0.42": 0.0004163144943042199, "0.41": 0.0004163144943042199, "0.4": 0.0004163144943042199, "0.39": 0.0004163144943042199, "0.38": 0.0004163144943042199, "0.37": 0.0004163144943042199, "0.36": 0.0004163144943042199, "0.35": 0.0004163144943042199, "0.34": 0.0004163144943042199, "0.33": 0.0004163144943042199, "0.32": 0.0004163144943042199, "0.31": 0.0004163144943042199, "0.3": 0.0004163144943042199, "0.29": 0.0004163144943042199, "0.28": 0.0004163144943042199, "0.27": 0.0004163144943042199, "0.26": 0.0004163144943042199, "0.25": 0.0004163144943042199, "0.24": 0.0004163144943042199, "0.23": 0.0004163144943042199, "0.22": 0.0004163144943042199, "0.21": 0.0004163144943042199, "0.2": 0.0004163144943042199, "0.19": 0.0004163144943042199, "0.18": 0.0004163144943042199, "0.17": 0.0004163144943042199, "0.16": 0.0004163144943042199, "0.15": 0.00041673051210729817, "0.14": 0.0004301159126450042, "0.13": 0.0004896591489715257, "0.12": 0.0006394310488897637, "0.11": 0.0013806713953643914, "0.1": 0.0035639265614950187, "0.09": 0.00226574034136337, "0.08": 0.004572808788891619, "0.07": 0.017033629418370683, "0.06": 0.04725174407445236, "0.05": 0.018065439049108477, "0.04": 0.02880952380952381, "0.03": 0.0, "0.02": 0.0, "0.01": 0.0}, "avg_best_top_k": 1132.0309278350514, "avg_best_distance_threshold": 0.0638297872340418}