{"config": {"dataset": "data/dataset/100/nontrivial.jsonl", "table": "lib", "target_column": "bert", "metric": "vector_cosine_ops", "embedder": "bert-base-uncased", "normalize": true, "enrichment": "add_abstract_prev_3", "batch_size": 16, "top_k": 10000}, "averages": {"1.0": 0.0001175796024079971, "0.99": 0.0001175796024079971, "0.98": 0.0001175796024079971, "0.97": 0.0001175796024079971, "0.96": 0.0001175796024079971, "0.95": 0.0001175796024079971, "0.94": 0.0001175796024079971, "0.93": 0.0001175796024079971, "0.92": 0.0001175796024079971, "0.91": 0.0001175796024079971, "0.9": 0.0001175796024079971, "0.89": 0.0001175796024079971, "0.88": 0.0001175796024079971, "0.87": 0.0001175796024079971, "0.86": 0.0001175796024079971, "0.85": 0.0001175796024079971, "0.84": 0.0001175796024079971, "0.83": 0.0001175796024079971, "0.82": 0.0001175796024079971, "0.81": 0.0001175796024079971, "0.8": 0.0001175796024079971, "0.79": 0.0001175796024079971, "0.78": 0.0001175796024079971, "0.77": 0.0001175796024079971, "0.76": 0.0001175796024079971, "0.75": 0.0001175796024079971, "0.74": 0.0001175796024079971, "0.73": 0.0001175796024079971, "0.72": 0.0001175796024079971, "0.71": 0.0001175796024079971, "0.7": 0.0001175796024079971, "0.69": 0.0001175796024079971, "0.68": 0.0001175796024079971, "0.67": 0.0001175796024079971, "0.66": 0.0001175796024079971, "0.65": 0.0001175796024079971, "0.64": 0.0001175796024079971, "0.63": 0.0001175796024079971, "0.62": 0.0001175796024079971, "0.61": 0.0001175796024079971, "0.6": 0.0001175796024079971, "0.59": 0.0001175796024079971, "0.58": 0.0001175796024079971, "0.57": 0.0001175796024079971, "0.56": 0.0001175796024079971, "0.55": 0.0001175796024079971, "0.54": 0.0001175796024079971, "0.53": 0.0001175796024079971, "0.52": 0.0001175796024079971, "0.51": 0.0001175796024079971, "0.5": 0.0001175796024079971, "0.49": 0.0001175796024079971, "0.48": 0.0001175796024079971, "0.47": 0.0001175796024079971, "0.46": 0.0001175796024079971, "0.45": 0.0001175796024079971, "0.44": 0.0001175796024079971, "0.43": 0.0001175796024079971, "0.42": 0.0001175796024079971, "0.41": 0.0001175796024079971, "0.4": 0.0001175796024079971, "0.39": 0.0001175796024079971, "0.38": 0.0001175796024079971, "0.37": 0.0001175796024079971, "0.36": 0.0001175796024079971, "0.35": 0.0001175796024079971, "0.34": 0.0001175796024079971, "0.33": 0.0001175796024079971, "0.32": 0.0001175796024079971, "0.31": 0.0001175796024079971, "0.3": 0.0001175796024079971, "0.29": 0.0001175796024079971, "0.28": 0.0001175796024079971, "0.27": 0.00011758146203469563, "0.26": 0.00011758336844496357, "0.25": 0.00011759463323772047, "0.24": 0.000117609256787267, "0.23": 0.00011809780617731805, "0.22": 0.00011979542215492114, "0.21": 0.00012326535361654024, "0.2": 0.00013054889821351206, "0.19": 0.00014654628972033277, "0.18": 0.00018810959571909837, "0.17": 0.0002893482986796877, "0.16": 0.0005330657473081785, "0.15": 0.0010993469411971289, "0.14": 0.00527302356935227, "0.13": 0.010576767413254808, "0.12": 0.011201398142761837, "0.11": 0.0016530234070386972, "0.1": 0.001797968223115772, "0.09": 5.393344020552322e-05, "0.08": 9.186411437141195e-05, "0.07": 4.7169811320754715e-05, "0.06": 0.0, "0.05": 0.0, "0.04": 0.0, "0.03": 0.0, "0.02": 0.0, "0.01": 0.0}, "avg_best_top_k": 1534.0628272251308, "avg_best_distance_threshold": 0.05604395604395567}