{"config": {"dataset": "data/dataset/100/nontrivial.jsonl", "table": "lib", "target_column": "astrobert", "metric": "vector_cosine_ops", "embedder": "adsabs/astroBERT", "normalize": true, "enrichment": "add_title_and_abstract", "batch_size": 16, "top_k": 10000}, "averages": {"1.0": 0.00012208784978416738, "0.99": 0.00012208784978416738, "0.98": 0.00012208784978416738, "0.97": 0.00012208784978416738, "0.96": 0.00012208784978416738, "0.95": 0.00012208784978416738, "0.94": 0.00012208784978416738, "0.93": 0.00012208784978416738, "0.92": 0.00012208784978416738, "0.91": 0.00012208784978416738, "0.9": 0.00012208784978416738, "0.89": 0.00012208784978416738, "0.88": 0.00012208784978416738, "0.87": 0.00012208784978416738, "0.86": 0.00012208784978416738, "0.85": 0.00012208784978416738, "0.84": 0.00012208784978416738, "0.83": 0.00012208784978416738, "0.82": 0.00012208784978416738, "0.81": 0.00012208784978416738, "0.8": 0.00012208784978416738, "0.79": 0.00012208784978416738, "0.78": 0.00012208784978416738, "0.77": 0.00012208784978416738, "0.76": 0.00012208784978416738, "0.75": 0.00012208784978416738, "0.74": 0.00012208784978416738, "0.73": 0.00012208784978416738, "0.72": 0.00012208784978416738, "0.71": 0.00012208784978416738, "0.7": 0.00012208784978416738, "0.69": 0.00012208784978416738, "0.68": 0.00012208784978416738, "0.67": 0.00012208784978416738, "0.66": 0.00012208784978416738, "0.65": 0.00012208784978416738, "0.64": 0.00012208784978416738, "0.63": 0.00012208784978416738, "0.62": 0.00012208784978416738, "0.61": 0.00012208784978416738, "0.6": 0.00012208784978416738, "0.59": 0.00012208784978416738, "0.58": 0.00012208784978416738, "0.57": 0.00012208784978416738, "0.56": 0.00012208784978416738, "0.55": 0.00012208784978416738, "0.54": 0.00012208784978416738, "0.53": 0.00012208784978416738, "0.52": 0.00012208784978416738, "0.51": 0.00012208784978416738, "0.5": 0.00012208784978416738, "0.49": 0.00012208784978416738, "0.48": 0.00012208784978416738, "0.47": 0.00012208784978416738, "0.46": 0.00012208784978416738, "0.45": 0.00012208784978416738, "0.44": 0.00012208784978416738, "0.43": 0.00012208784978416738, "0.42": 0.00012208784978416738, "0.41": 0.00012208784978416738, "0.4": 0.00012208784978416738, "0.39": 0.00012208784978416738, "0.38": 0.00012208784978416738, "0.37": 0.00012208784978416738, "0.36": 0.00012208784978416738, "0.35": 0.00012208784978416738, "0.34": 0.00012208784978416738, "0.33": 0.00012208784978416738, "0.32": 0.00012270519738598443, "0.31": 0.00012378353014085486, "0.3": 0.0001256845466293965, "0.29": 0.0001294231667518176, "0.28": 0.0001384883776481924, "0.27": 0.00016234562895819097, "0.26": 0.00021190137670865815, "0.25": 0.0002740622539488406, "0.24": 0.0002379735094630647, "0.23": 0.0003885736562098096, "0.22": 0.0003494311921048179, "0.21": 0.0006179852445022578, "0.2": 0.0010905270209991612, "0.19": 0.00041131990359844135, "0.18": 0.0006640431148660402, "0.17": 0.0017348608913170865, "0.16": 0.0001925719792743196, "0.15": 0.0006095293256851666, "0.14": 0.00013583493382463024, "0.13": 5.128205128205128e-05, "0.12": 0.0, "0.11": 0.0, "0.1": 0.0, "0.09": 0.0, "0.08": 0.0, "0.07": 0.0, "0.06": 0.0, "0.05": 0.0, "0.04": 0.0, "0.03": 0.0, "0.02": 0.0, "0.01": 0.0}, "avg_best_top_k": 1477.20202020202, "avg_best_distance_threshold": 0.1345918367346934}