{"config": {"dataset": "data/dataset/100/nontrivial.jsonl", "table": "lib", "target_column": "astrobert", "metric": "vector_cosine_ops", "embedder": "adsabs/astroBERT", "normalize": true, "enrichment": "add_abstract", "batch_size": 16, "top_k": 10000}, "averages": {"1.0": 0.00011694826465846693, "0.99": 0.00011694826465846693, "0.98": 0.00011694826465846693, "0.97": 0.00011694826465846693, "0.96": 0.00011694826465846693, "0.95": 0.00011694826465846693, "0.94": 0.00011694826465846693, "0.93": 0.00011694826465846693, "0.92": 0.00011694826465846693, "0.91": 0.00011694826465846693, "0.9": 0.00011694826465846693, "0.89": 0.00011694826465846693, "0.88": 0.00011694826465846693, "0.87": 0.00011694826465846693, "0.86": 0.00011694826465846693, "0.85": 0.00011694826465846693, "0.84": 0.00011694826465846693, "0.83": 0.00011694826465846693, "0.82": 0.00011694826465846693, "0.81": 0.00011694826465846693, "0.8": 0.00011694826465846693, "0.79": 0.00011694826465846693, "0.78": 0.00011694826465846693, "0.77": 0.00011694826465846693, "0.76": 0.00011694826465846693, "0.75": 0.00011694826465846693, "0.74": 0.00011694826465846693, "0.73": 0.00011694826465846693, "0.72": 0.00011694826465846693, "0.71": 0.00011694826465846693, "0.7": 0.00011694826465846693, "0.69": 0.00011694826465846693, "0.68": 0.00011694826465846693, "0.67": 0.00011694826465846693, "0.66": 0.00011694826465846693, "0.65": 0.00011694826465846693, "0.64": 0.00011694826465846693, "0.63": 0.00011694826465846693, "0.62": 0.00011694826465846693, "0.61": 0.00011694826465846693, "0.6": 0.00011694826465846693, "0.59": 0.00011694826465846693, "0.58": 0.00011694826465846693, "0.57": 0.00011694826465846693, "0.56": 0.00011694826465846693, "0.55": 0.00011694826465846693, "0.54": 0.00011694826465846693, "0.53": 0.00011694826465846693, "0.52": 0.00011694826465846693, "0.51": 0.00011694826465846693, "0.5": 0.00011694826465846693, "0.49": 0.00011694826465846693, "0.48": 0.00011694826465846693, "0.47": 0.00011694826465846693, "0.46": 0.00011694826465846693, "0.45": 0.00011694826465846693, "0.44": 0.00011694826465846693, "0.43": 0.00011694826465846693, "0.42": 0.00011694826465846693, "0.41": 0.00011694826465846693, "0.4": 0.00011694826465846693, "0.39": 0.00011694826465846693, "0.38": 0.00011694826465846693, "0.37": 0.00011694826465846693, "0.36": 0.00011694826465846693, "0.35": 0.00011694826465846693, "0.34": 0.00011694826465846693, "0.33": 0.00011694826465846693, "0.32": 0.00011694826465846693, "0.31": 0.0001174793305723367, "0.3": 0.00011892603648993277, "0.29": 0.00012180318365075049, "0.28": 0.0001283486078658952, "0.27": 0.00014682062911069768, "0.26": 0.00015042220651913203, "0.25": 0.00019653310087061135, "0.24": 0.00021735080911479548, "0.23": 0.0003520981544757691, "0.22": 0.00043448406500526003, "0.21": 0.0008082410430066451, "0.2": 0.001659649461513717, "0.19": 0.0005736086854074199, "0.18": 0.000523645341877181, "0.17": 0.001126521952579738, "0.16": 0.000895623094920971, "0.15": 0.001657912614928787, "0.14": 6.0878146906803036e-05, "0.13": 0.00013710893727948185, "0.12": 0.00019974263654561053, "0.11": 0.001, "0.1": 0.0, "0.09": 0.0, "0.08": 0.0, "0.07": 0.0, "0.06": 0.0, "0.05": 0.0, "0.04": 0.0, "0.03": 0.0, "0.02": 0.0, "0.01": 0.0}, "avg_best_top_k": 1353.4795918367347, "avg_best_distance_threshold": 0.12697916666666617}