{"config": {"dataset": "data/dataset/100/nontrivial.jsonl", "table": "lib", "target_column": "astrobert", "metric": "vector_cosine_ops", "embedder": "adsabs/astroBERT", "normalize": true, "enrichment": "add_title_abstract_prev3", "batch_size": 16, "top_k": 10000}, "averages": {"1.0": 0.0001534333030244003, "0.99": 0.0001534333030244003, "0.98": 0.0001534333030244003, "0.97": 0.0001534333030244003, "0.96": 0.0001534333030244003, "0.95": 0.0001534333030244003, "0.94": 0.0001534333030244003, "0.93": 0.0001534333030244003, "0.92": 0.0001534333030244003, "0.91": 0.0001534333030244003, "0.9": 0.0001534333030244003, "0.89": 0.0001534333030244003, "0.88": 0.0001534333030244003, "0.87": 0.0001534333030244003, "0.86": 0.0001534333030244003, "0.85": 0.0001534333030244003, "0.84": 0.0001534333030244003, "0.83": 0.0001534333030244003, "0.82": 0.0001534333030244003, "0.81": 0.0001534333030244003, "0.8": 0.0001534333030244003, "0.79": 0.0001534333030244003, "0.78": 0.0001534333030244003, "0.77": 0.0001534333030244003, "0.76": 0.0001534333030244003, "0.75": 0.0001534333030244003, "0.74": 0.0001534333030244003, "0.73": 0.0001534333030244003, "0.72": 0.0001534333030244003, "0.71": 0.0001534333030244003, "0.7": 0.0001534333030244003, "0.69": 0.0001534333030244003, "0.68": 0.0001534333030244003, "0.67": 0.0001534333030244003, "0.66": 0.0001534333030244003, "0.65": 0.0001534333030244003, "0.64": 0.0001534333030244003, "0.63": 0.0001534333030244003, "0.62": 0.0001534333030244003, "0.61": 0.0001534333030244003, "0.6": 0.0001534333030244003, "0.59": 0.0001534333030244003, "0.58": 0.0001534333030244003, "0.57": 0.0001534333030244003, "0.56": 0.0001534333030244003, "0.55": 0.0001534333030244003, "0.54": 0.0001534333030244003, "0.53": 0.0001534333030244003, "0.52": 0.0001534333030244003, "0.51": 0.0001534333030244003, "0.5": 0.0001534333030244003, "0.49": 0.0001534333030244003, "0.48": 0.0001534333030244003, "0.47": 0.0001534333030244003, "0.46": 0.0001534333030244003, "0.45": 0.0001534333030244003, "0.44": 0.0001534333030244003, "0.43": 0.0001534333030244003, "0.42": 0.0001534333030244003, "0.41": 0.0001534333030244003, "0.4": 0.0001534333030244003, "0.39": 0.0001534333030244003, "0.38": 0.0001534333030244003, "0.37": 0.0001534333030244003, "0.36": 0.0001534333030244003, "0.35": 0.00015504615750029654, "0.34": 0.00015761107891483175, "0.33": 0.0001637377132908247, "0.32": 0.00017405925752591645, "0.31": 0.00019088708136910098, "0.3": 0.0002221359998293134, "0.29": 0.00027661585837991014, "0.28": 0.00039399560627486523, "0.27": 0.0005951895037597377, "0.26": 0.000906688409139381, "0.25": 0.001446074525571637, "0.24": 0.000989674596471192, "0.23": 0.0015189906737578997, "0.22": 0.0024430847909911934, "0.21": 0.0011073616479194632, "0.2": 0.002239536375515581, "0.19": 0.002605332919691259, "0.18": 0.003908213770501284, "0.17": 0.002739092857560039, "0.16": 0.002751844458485535, "0.15": 0.0004946586455522145, "0.14": 0.0020210084033613447, "0.13": 3.472222222222222e-05, "0.12": 6.622516556291391e-05, "0.11": 0.00016949152542372882, "0.1": 0.000588235294117647, "0.09": 0.0, "0.08": 0.0, "0.07": 0.0, "0.06": 0.0, "0.05": 0.0, "0.04": 0.0, "0.03": 0.0, "0.02": 0.0, "0.01": 0.0}, "avg_best_top_k": 1487.8375634517768, "avg_best_distance_threshold": 0.15484536082474176}