{"config": {"dataset": "data/dataset/100/nontrivial.jsonl", "table": "lib", "target_column": "astrobert", "metric": "vector_cosine_ops", "embedder": "adsabs/astroBERT", "normalize": true, "enrichment": "identity", "batch_size": 16, "top_k": 10000}, "averages": {"1.0": 0.0001367791073266877, "0.99": 0.0001367791073266877, "0.98": 0.0001367791073266877, "0.97": 0.0001367791073266877, "0.96": 0.0001367791073266877, "0.95": 0.0001367791073266877, "0.94": 0.0001367791073266877, "0.93": 0.0001367791073266877, "0.92": 0.0001367791073266877, "0.91": 0.0001367791073266877, "0.9": 0.0001367791073266877, "0.89": 0.0001367791073266877, "0.88": 0.0001367791073266877, "0.87": 0.0001367791073266877, "0.86": 0.0001367791073266877, "0.85": 0.0001367791073266877, "0.84": 0.0001367791073266877, "0.83": 0.0001367791073266877, "0.82": 0.0001367791073266877, "0.81": 0.0001367791073266877, "0.8": 0.0001367791073266877, "0.79": 0.0001367791073266877, "0.78": 0.0001367791073266877, "0.77": 0.0001367791073266877, "0.76": 0.0001367791073266877, "0.75": 0.0001367791073266877, "0.74": 0.0001367791073266877, "0.73": 0.0001367791073266877, "0.72": 0.0001367791073266877, "0.71": 0.0001367791073266877, "0.7": 0.0001367791073266877, "0.69": 0.0001367791073266877, "0.68": 0.0001367791073266877, "0.67": 0.0001367791073266877, "0.66": 0.0001367791073266877, "0.65": 0.0001367791073266877, "0.64": 0.0001367791073266877, "0.63": 0.0001367791073266877, "0.62": 0.0001367791073266877, "0.61": 0.0001367791073266877, "0.6": 0.0001367791073266877, "0.59": 0.0001367791073266877, "0.58": 0.0001367791073266877, "0.57": 0.0001367791073266877, "0.56": 0.0001367791073266877, "0.55": 0.0001367791073266877, "0.54": 0.0001367791073266877, "0.53": 0.0001367791073266877, "0.52": 0.0001367791073266877, "0.51": 0.0001367791073266877, "0.5": 0.0001367791073266877, "0.49": 0.00013516203100068512, "0.48": 0.00013516203100068512, "0.47": 0.00013516203100068512, "0.46": 0.00013516203100068512, "0.45": 0.00013516203100068512, "0.44": 0.00013516203100068512, "0.43": 0.00013516203100068512, "0.42": 0.00013516203100068512, "0.41": 0.00013516203100068512, "0.4": 0.00013516203100068512, "0.39": 0.00013516203100068512, "0.38": 0.00013516203100068512, "0.37": 0.00013571729119698928, "0.36": 0.00013862402240432206, "0.35": 0.0001440237127536632, "0.34": 0.00015063575144523997, "0.33": 0.00016594389649737112, "0.32": 0.00015430300935645585, "0.31": 0.00017332989121080303, "0.3": 0.00015725893929581253, "0.29": 0.00018857776748378542, "0.28": 0.0001724971255961341, "0.27": 0.00019133670438885444, "0.26": 0.0001632997075106917, "0.25": 0.00024324261597086138, "0.24": 0.0005363843122132136, "0.23": 0.00011658435968918773, "0.22": 0.00013165240098309333, "0.21": 0.00012871290267027423, "0.2": 0.00016298135878520164, "0.19": 0.0002488661450177335, "0.18": 0.000478988449833625, "0.17": 0.0006934448269536499, "0.16": 0.00036983059555226286, "0.15": 0.0007638054380619626, "0.14": 0.0017774870323720659, "0.13": 0.0026161968615595055, "0.12": 0.003962322889680598, "0.11": 0.010476190476190477, "0.1": 0.0016666666666666666, "0.09": 0.0, "0.08": 0.0, "0.07": 0.0, "0.06": 0.0, "0.05": 0.0, "0.04": 0.0, "0.03": 0.0, "0.02": 0.0, "0.01": 0.0}, "avg_best_top_k": 1286.6358974358975, "avg_best_distance_threshold": 0.10621052631578905}