{"config": {"dataset": "data/dataset/split/train.jsonl", "table": "lib", "target_column": "bge_norm", "metric": "vector_cosine_ops", "embedder": "BAAI/bge-small-en", "normalize": true, "enrichment": "identity", "batch_size": 16, "top_k": 50000}, "averages": {"1.0": 0.00010177811809426592, "0.99": 0.00010177811809426592, "0.98": 0.00010177811809426592, "0.97": 0.00010177811809426592, "0.96": 0.00010177811809426592, "0.95": 0.00010177811809426592, "0.94": 0.00010177811809426592, "0.93": 0.00010177811809426592, "0.92": 0.00010177811809426592, "0.91": 0.00010177811809426592, "0.9": 0.00010177811809426592, "0.89": 0.00010177811809426592, "0.88": 0.00010177811809426592, "0.87": 0.00010177811809426592, "0.86": 0.00010177811809426592, "0.85": 0.00010177811809426592, "0.84": 0.00010177811809426592, "0.83": 0.00010177811809426592, "0.82": 0.00010177811809426592, "0.81": 0.00010177811809426592, "0.8": 0.00010177811809426592, "0.79": 0.00010177811809426592, "0.78": 0.00010177811809426592, "0.77": 0.00010177811809426592, "0.76": 0.00010177811809426592, "0.75": 0.00010177811809426592, "0.74": 0.00010177811809426592, "0.73": 0.00010177811809426592, "0.72": 0.00010177811809426592, "0.71": 0.00010177811809426592, "0.7": 0.00010177811809426592, "0.69": 0.00010177811809426592, "0.68": 0.00010177811809426592, "0.67": 0.00010177811809426592, "0.66": 0.00010177811809426592, "0.65": 0.00010177811809426592, "0.64": 0.00010177811809426592, "0.63": 0.00010177811809426592, "0.62": 0.00010177811809426592, "0.61": 0.00010177811809426592, "0.6": 0.00010177811809426592, "0.59": 0.00010177811809426592, "0.58": 0.00010177811809426592, "0.57": 0.00010177811809426592, "0.56": 0.00010177811809426592, "0.55": 0.00010177811809426592, "0.54": 0.00010177811809426592, "0.53": 0.00010177811809426592, "0.52": 0.00010177811809426592, "0.51": 0.00010177811809426592, "0.5": 0.00010177811809426592, "0.49": 0.00010177811809426592, "0.48": 0.00010177811809426592, "0.47": 0.00010177811809426592, "0.46": 0.00010177811809426592, "0.45": 0.00010177811809426592, "0.44": 0.00010177811809426592, "0.43": 0.00010177811809426592, "0.42": 0.00010177811809426592, "0.41": 0.00010177811809426592, "0.4": 0.00010177811809426592, "0.39": 0.00010177811809426592, "0.38": 0.00010177811809426592, "0.37": 0.00010177811809426592, "0.36": 0.00010177811809426592, "0.35": 0.00010177811809426592, "0.34": 0.00010177817957623252, "0.33": 0.00010177822937835358, "0.32": 0.00010177841138127419, "0.31": 0.0001017795620780007, "0.3": 0.00010178140856124201, "0.29": 0.00010178658178224536, "0.28": 0.00010150325800479832, "0.27": 0.00010154676262428332, "0.26": 0.00010166752200825196, "0.25": 0.00010201551233428747, "0.24": 0.00010294795056908687, "0.23": 0.0001058536287293051, "0.22": 0.0001175616074480128, "0.21": 0.00012352178568783378, "0.2": 0.00018448429656149157, "0.19": 0.0001566622181870261, "0.18": 0.0003298319401952718, "0.17": 0.0001882425416422942, "0.16": 0.0004942176225388191, "0.15": 0.004542458674212979, "0.14": 0.00713548704960657, "0.13": 0.005030411489503971, "0.12": 0.005263113415555285, "0.11": 0.006640650021767812, "0.1": 0.01381871397836222, "0.09": 0.019277600302155983, "0.08": 0.024707446493367553, "0.07": 0.01912413625720216, "0.06": 0.01290824916439838, "0.05": 0.005806310254163015, "0.04": 0.0, "0.03": 0.0, "0.02": 0.0, "0.01": 0.0}, "avg_best_top_k": 7011.619631901841, "avg_best_distance_threshold": 0.0, "best_top_ks": [1192, 190, 6831, 11, 2670, 103, 410, 45055, 121, 251, 50000, 131, 115, 9, 1574, 29, 750, 4, 6, 50000, 53, 141, 41977, 5605, 4372, 16, 68, 89, 1081, 1, 376, 7, 92, 10615, 38970, 126, 1906, 1251, 35, 359, 1115, 875, 2026, 2, 44, 29, 50000, 2901, 22045, 350, 828, 34, 50000, 6661, 8913, 50000, 4, 50000, 15, 29, 68, 22173, 294, 162, 69, 6761, 50000, 50000, 853, 77, 6473, 10, 15746, 1374, 66, 523, 18154, 6, 13777, 4, 7666, 5, 172, 74, 3229, 4, 1, 24, 794, 23, 2026, 52, 1126, 375, 256, 1385, 1889, 974, 4592, 2, 21514, 2, 27, 543, 47, 26, 41330, 2, 21, 9498, 6329, 367, 46, 1, 61, 50000, 258, 1071, 14, 309, 3, 366, 9368, 228, 211, 36, 1842, 557, 49873, 31, 3, 77, 2, 4, 51, 103, 71, 16086, 14, 1586, 1584, 5, 37244, 370, 12197, 1746, 12754, 94, 29391, 2, 23509, 551, 4, 34873, 7, 20, 631, 32437, 1000, 54, 1989, 146, 3, 745, 25118, 6, 29, 1, 288, 2, 8917, 50000, 93, 6124, 675, 80, 57, 2105, 821, 35733, 3, 50000, 471, 3583, 372, 14428, 2051, 756, 125, 7, 177, 1561, 2099, 29, 35632, 17, 2545, 40, 7, 387, 790, 273, 39, 38502, 13, 15, 161, 19, 4, 85, 27348, 7541, 28885, 1543, 3659, 50000, 21091, 1, 39940, 81, 50000, 40, 148, 6754, 4, 44215, 20, 941, 1448, 20, 270, 4372, 2, 962, 2285, 2, 918, 406, 48824, 918, 10501, 1, 1356, 1, 46380, 348, 1, 38658, 17, 30905, 4715, 541, 36, 71, 19298, 21, 504, 5, 294, 1586, 20, 21866, 607, 51, 6780, 6652, 17188, 4907, 1, 7356, 1182, 176, 39, 1758, 20827, 9, 169, 4241, 378, 49, 7104, 9640, 20288, 3120, 54, 27, 404, 4560, 2, 24799, 25613, 49843, 1271, 2228, 189, 113, 339, 3, 4778, 3941, 5, 13758, 43, 408, 217, 15190, 50000, 1279, 55, 125, 6780, 4, 2007, 1355, 713, 13917, 773, 2, 6422, 125, 1469, 1617, 748, 6914, 115, 2]}