{"config": {"dataset": "data/dataset/small/nontrivial.jsonl", "table": "bge", "metric": "vector_cosine_ops", "embedder": "BAAI/bge-small-en", "normalize": true, "enrichment": "identity", "batch_size": 16}, "averages": {"1.0": 0.003935149199383012, "0.99": 0.003935149199383012, "0.98": 0.003935149199383012, "0.97": 0.003935149199383012, "0.96": 0.003935149199383012, "0.95": 0.003935149199383012, "0.94": 0.003935149199383012, "0.93": 0.003935149199383012, "0.92": 0.003935149199383012, "0.91": 0.003935149199383012, "0.9": 0.003935149199383012, "0.89": 0.003935149199383012, "0.88": 0.003935149199383012, "0.87": 0.003935149199383012, "0.86": 0.003935149199383012, "0.85": 0.003935149199383012, "0.84": 0.003935149199383012, "0.83": 0.003935149199383012, "0.82": 0.003935149199383012, "0.81": 0.003935149199383012, "0.8": 0.003935149199383012, "0.79": 0.003935149199383012, "0.78": 0.003935149199383012, "0.77": 0.003935149199383012, "0.76": 0.003935149199383012, "0.75": 0.003935149199383012, "0.74": 0.003935149199383012, "0.73": 0.003935149199383012, "0.72": 0.003935149199383012, "0.71": 0.003935149199383012, "0.7": 0.003935149199383012, "0.69": 0.003935149199383012, "0.68": 0.003935149199383012, "0.67": 0.003935149199383012, "0.66": 0.003935149199383012, "0.65": 0.003935149199383012, "0.64": 0.003935149199383012, "0.63": 0.003935149199383012, "0.62": 0.003935149199383012, "0.61": 0.003935149199383012, "0.6": 0.003935149199383012, "0.59": 0.003935149199383012, "0.58": 0.003935149199383012, "0.57": 0.003935149199383012, "0.56": 0.003935149199383012, "0.55": 0.003935149199383012, "0.54": 0.003935149199383012, "0.53": 0.003935149199383012, "0.52": 0.003935149199383012, "0.51": 0.003935149199383012, "0.5": 0.003935149199383012, "0.49": 0.003935149199383012, "0.48": 0.003935149199383012, "0.47": 0.003935149199383012, "0.46": 0.003935149199383012, "0.45": 0.003935149199383012, "0.44": 0.003935149199383012, "0.43": 0.003935149199383012, "0.42": 0.003935149199383012, "0.41": 0.003935149199383012, "0.4": 0.003935149199383012, "0.39": 0.003935149199383012, "0.38": 0.003935149199383012, "0.37": 0.003935149199383012, "0.36": 0.003935149199383012, "0.35": 0.003935149199383012, "0.34": 0.003935149199383012, "0.33": 0.003935149199383012, "0.32": 0.003935149199383012, "0.31": 0.003935149199383012, "0.3": 0.003935149199383012, "0.29": 0.003935149199383012, "0.28": 0.003935149199383012, "0.27": 0.003935149199383012, "0.26": 0.003935149199383012, "0.25": 0.003935149199383012, "0.24": 0.003935149199383012, "0.23": 0.003935149199383012, "0.22": 0.003935149199383012, "0.21": 0.003935149199383012, "0.2": 0.003935149199383012, "0.19": 0.004084688181642582, "0.18": 0.0035266524673568684, "0.17": 0.003834403227235288, "0.16": 0.006641731832436233, "0.15": 0.0031695096102140113, "0.14": 0.0031695096102140113, "0.13": 0.0031695096102140113, "0.12": 0.0037927289834333846, "0.11": 0.01524939406526112, "0.1": 0.0022794692532310456, "0.09": 0.0004807692307692308, "0.08": 0.0007716049382716049, "0.07": 0.010416666666666666, "0.06": 0.0, "0.05": 0.0, "0.04": 0.0, "0.03": 0.0, "0.02": 0.0, "0.01": 0.0}}