{"config": {"dataset": "data/dataset/100/nontrivial.jsonl", "table": "lib", "target_column": "bert", "metric": "vector_cosine_ops", "embedder": "bert-base-uncased", "normalize": true, "enrichment": "add_abstract", "batch_size": 16, "top_k": 10000}, "averages": {"1.0": 0.00011644425208387721, "0.99": 0.00011644425208387721, "0.98": 0.00011644425208387721, "0.97": 0.00011644425208387721, "0.96": 0.00011644425208387721, "0.95": 0.00011644425208387721, "0.94": 0.00011644425208387721, "0.93": 0.00011644425208387721, "0.92": 0.00011644425208387721, "0.91": 0.00011644425208387721, "0.9": 0.00011644425208387721, "0.89": 0.00011644425208387721, "0.88": 0.00011644425208387721, "0.87": 0.00011644425208387721, "0.86": 0.00011644425208387721, "0.85": 0.00011644425208387721, "0.84": 0.00011644425208387721, "0.83": 0.00011644425208387721, "0.82": 0.00011644425208387721, "0.81": 0.00011644425208387721, "0.8": 0.00011644425208387721, "0.79": 0.00011644425208387721, "0.78": 0.00011644425208387721, "0.77": 0.00011644425208387721, "0.76": 0.00011644425208387721, "0.75": 0.00011644425208387721, "0.74": 0.00011644425208387721, "0.73": 0.00011644425208387721, "0.72": 0.00011644425208387721, "0.71": 0.00011644425208387721, "0.7": 0.00011644425208387721, "0.69": 0.00011644425208387721, "0.68": 0.00011644425208387721, "0.67": 0.00011644425208387721, "0.66": 0.00011644425208387721, "0.65": 0.00011644425208387721, "0.64": 0.00011644425208387721, "0.63": 0.00011644425208387721, "0.62": 0.00011644425208387721, "0.61": 0.00011644425208387721, "0.6": 0.00011644425208387721, "0.59": 0.00011644425208387721, "0.58": 0.00011644425208387721, "0.57": 0.00011644425208387721, "0.56": 0.00011644425208387721, "0.55": 0.00011644425208387721, "0.54": 0.00011644425208387721, "0.53": 0.00011644425208387721, "0.52": 0.00011644425208387721, "0.51": 0.00011644425208387721, "0.5": 0.00011644425208387721, "0.49": 0.00011644425208387721, "0.48": 0.00011644425208387721, "0.47": 0.00011644425208387721, "0.46": 0.00011644425208387721, "0.45": 0.00011644425208387721, "0.44": 0.00011644425208387721, "0.43": 0.00011644425208387721, "0.42": 0.00011644425208387721, "0.41": 0.00011644425208387721, "0.4": 0.00011644425208387721, "0.39": 0.00011644425208387721, "0.38": 0.00011644425208387721, "0.37": 0.00011644425208387721, "0.36": 0.00011644482155055455, "0.35": 0.00011644482155055455, "0.34": 0.00011644482155055455, "0.33": 0.00011644482155055455, "0.32": 0.00011644482155055455, "0.31": 0.00011644482155055455, "0.3": 0.00011644482155055455, "0.29": 0.00011644596539192389, "0.28": 0.00011645060069240619, "0.27": 0.00011645538784608094, "0.26": 0.00011647205137721838, "0.25": 0.00011650400214592106, "0.24": 0.00011657939579489677, "0.23": 0.00011673323142343147, "0.22": 0.00011701193889894622, "0.21": 0.00011751939154025577, "0.2": 0.00012001403328571813, "0.19": 0.00012418205074217836, "0.18": 0.0001407168186155337, "0.17": 0.0001915257168254127, "0.16": 0.00028781172181365823, "0.15": 0.00044671638481651193, "0.14": 0.0007832267171023111, "0.13": 0.0013557847524527024, "0.12": 0.00266710946769954, "0.11": 0.0010641604670105533, "0.1": 0.00047756091601290304, "0.09": 3.800596407919225e-05, "0.08": 7.293946024799417e-06, "0.07": 3.125e-05, "0.06": 0.0005, "0.05": 0.0, "0.04": 0.0, "0.03": 0.0, "0.02": 0.0, "0.01": 0.0}, "avg_best_top_k": 1412.142857142857, "avg_best_distance_threshold": 0.05541666666666631}