{"config": {"dataset": "data/dataset/100/nontrivial.jsonl", "table": "lib", "target_column": "bert", "metric": "vector_cosine_ops", "embedder": "bert-base-uncased", "normalize": true, "enrichment": "add_prev_3", "batch_size": 16, "top_k": 10000}, "averages": {"1.0": 0.0001166376775706006, "0.99": 0.0001166376775706006, "0.98": 0.0001166376775706006, "0.97": 0.0001166376775706006, "0.96": 0.0001166376775706006, "0.95": 0.0001166376775706006, "0.94": 0.0001166376775706006, "0.93": 0.0001166376775706006, "0.92": 0.0001166376775706006, "0.91": 0.0001166376775706006, "0.9": 0.0001166376775706006, "0.89": 0.0001166376775706006, "0.88": 0.0001166376775706006, "0.87": 0.0001166376775706006, "0.86": 0.0001166376775706006, "0.85": 0.0001166376775706006, "0.84": 0.0001166376775706006, "0.83": 0.0001166376775706006, "0.82": 0.0001166376775706006, "0.81": 0.0001166376775706006, "0.8": 0.0001166376775706006, "0.79": 0.0001166376775706006, "0.78": 0.0001166376775706006, "0.77": 0.0001166376775706006, "0.76": 0.0001166376775706006, "0.75": 0.0001166376775706006, "0.74": 0.0001166376775706006, "0.73": 0.0001166376775706006, "0.72": 0.0001166376775706006, "0.71": 0.0001166376775706006, "0.7": 0.0001166376775706006, "0.69": 0.0001166376775706006, "0.68": 0.0001166376775706006, "0.67": 0.0001166376775706006, "0.66": 0.0001166376775706006, "0.65": 0.0001166376775706006, "0.64": 0.0001166376775706006, "0.63": 0.0001166376775706006, "0.62": 0.0001166376775706006, "0.61": 0.0001166376775706006, "0.6": 0.0001166376775706006, "0.59": 0.0001166376775706006, "0.58": 0.0001166376775706006, "0.57": 0.0001166376775706006, "0.56": 0.0001166376775706006, "0.55": 0.0001166376775706006, "0.54": 0.0001166376775706006, "0.53": 0.0001166376775706006, "0.52": 0.0001166376775706006, "0.51": 0.0001166376775706006, "0.5": 0.0001166376775706006, "0.49": 0.0001166376775706006, "0.48": 0.0001166376775706006, "0.47": 0.0001166376775706006, "0.46": 0.0001166376775706006, "0.45": 0.0001166376775706006, "0.44": 0.0001166376775706006, "0.43": 0.0001166376775706006, "0.42": 0.0001166376775706006, "0.41": 0.0001166376775706006, "0.4": 0.0001166376775706006, "0.39": 0.0001166376775706006, "0.38": 0.0001166376775706006, "0.37": 0.0001166376775706006, "0.36": 0.0001166376775706006, "0.35": 0.0001166376775706006, "0.34": 0.0001166376775706006, "0.33": 0.0001166376775706006, "0.32": 0.0001166376775706006, "0.31": 0.0001166376775706006, "0.3": 0.0001166376775706006, "0.29": 0.0001166376775706006, "0.28": 0.0001166376775706006, "0.27": 0.00011666709101273778, "0.26": 0.00011674462427208312, "0.25": 0.00011688167691424897, "0.24": 0.00011712451307732532, "0.23": 0.00011801739414939351, "0.22": 0.00012101330614959529, "0.21": 0.0001242210843924083, "0.2": 0.00011669500153676607, "0.19": 0.00012382826254253386, "0.18": 0.000118514598423085, "0.17": 0.00013598940220641798, "0.16": 0.00017863729202181918, "0.15": 0.00036189127878763115, "0.14": 0.0004013366150531873, "0.13": 0.0010714195875609282, "0.12": 0.0016748540748055187, "0.11": 0.005375661757745186, "0.1": 0.0003226799776891235, "0.09": 0.0014422837365205743, "0.08": 0.0013129680725266063, "0.07": 0.0, "0.06": 0.0, "0.05": 0.0, "0.04": 0.0, "0.03": 0.0, "0.02": 0.0, "0.01": 0.0}, "avg_best_top_k": 1772.721649484536, "avg_best_distance_threshold": 0.06797872340425486}