{"config": {"dataset": "data/dataset/100/nontrivial.jsonl", "table": "lib", "target_column": "bert", "metric": "vector_cosine_ops", "embedder": "bert-base-uncased", "normalize": true, "enrichment": "add_prev_7", "batch_size": 16, "top_k": 10000}, "averages": {"1.0": 0.00012502827009611435, "0.99": 0.00012502827009611435, "0.98": 0.00012502827009611435, "0.97": 0.00012502827009611435, "0.96": 0.00012502827009611435, "0.95": 0.00012502827009611435, "0.94": 0.00012502827009611435, "0.93": 0.00012502827009611435, "0.92": 0.00012502827009611435, "0.91": 0.00012502827009611435, "0.9": 0.00012502827009611435, "0.89": 0.00012502827009611435, "0.88": 0.00012502827009611435, "0.87": 0.00012502827009611435, "0.86": 0.00012502827009611435, "0.85": 0.00012502827009611435, "0.84": 0.00012502827009611435, "0.83": 0.00012502827009611435, "0.82": 0.00012502827009611435, "0.81": 0.00012502827009611435, "0.8": 0.00012502827009611435, "0.79": 0.00012502827009611435, "0.78": 0.00012502827009611435, "0.77": 0.00012502827009611435, "0.76": 0.00012502827009611435, "0.75": 0.00012502827009611435, "0.74": 0.00012502827009611435, "0.73": 0.00012502827009611435, "0.72": 0.00012502827009611435, "0.71": 0.00012502827009611435, "0.7": 0.00012502827009611435, "0.69": 0.00012502827009611435, "0.68": 0.00012502827009611435, "0.67": 0.00012502827009611435, "0.66": 0.00012502827009611435, "0.65": 0.00012502827009611435, "0.64": 0.00012502827009611435, "0.63": 0.00012502827009611435, "0.62": 0.00012502827009611435, "0.61": 0.00012502827009611435, "0.6": 0.00012502827009611435, "0.59": 0.00012502827009611435, "0.58": 0.00012502827009611435, "0.57": 0.00012502827009611435, "0.56": 0.00012502827009611435, "0.55": 0.00012502827009611435, "0.54": 0.00012502827009611435, "0.53": 0.00012502827009611435, "0.52": 0.00012502827009611435, "0.51": 0.00012502827009611435, "0.5": 0.00012502827009611435, "0.49": 0.00012502827009611435, "0.48": 0.00012502827009611435, "0.47": 0.00012502827009611435, "0.46": 0.00012502827009611435, "0.45": 0.00012502827009611435, "0.44": 0.00012502827009611435, "0.43": 0.00012502827009611435, "0.42": 0.00012502827009611435, "0.41": 0.00012502827009611435, "0.4": 0.00012502827009611435, "0.39": 0.00012502827009611435, "0.38": 0.00012502827009611435, "0.37": 0.00012502827009611435, "0.36": 0.00012502827009611435, "0.35": 0.00012502827009611435, "0.34": 0.00012502827009611435, "0.33": 0.00012502827009611435, "0.32": 0.00012502827009611435, "0.31": 0.00012502827009611435, "0.3": 0.00012502827009611435, "0.29": 0.00012502827009611435, "0.28": 0.00012502827009611435, "0.27": 0.00012502827009611435, "0.26": 0.00012502827009611435, "0.25": 0.00012502827009611435, "0.24": 0.00012412903924432242, "0.23": 0.00012597877908645597, "0.22": 0.000131357337021575, "0.21": 0.00015007578264388086, "0.2": 0.0001231066394459435, "0.19": 0.00012212359290641325, "0.18": 0.00012539898780712923, "0.17": 0.0001261511377698857, "0.16": 0.0001407183660398765, "0.15": 0.0001857601168191764, "0.14": 0.0003427935750804315, "0.13": 0.0005582308233925828, "0.12": 0.0023138906946449374, "0.11": 0.012249764135735496, "0.1": 0.010589619006322232, "0.09": 0.0011494310015898474, "0.08": 0.0002577284059739626, "0.07": 0.002135193023203734, "0.06": 0.00035714285714285714, "0.05": 0.0, "0.04": 0.0, "0.03": 0.0, "0.02": 0.0, "0.01": 0.0}, "avg_best_top_k": 1758.9846153846154, "avg_best_distance_threshold": 0.064210526315789}