{"config": {"dataset": "data/dataset/100/nontrivial.jsonl", "table": "lib", "target_column": "bert", "metric": "vector_cosine_ops", "embedder": "bert-base-uncased", "normalize": true, "enrichment": "add_title", "batch_size": 16, "top_k": 10000}, "averages": {"1.0": 4.933862171401776e-05, "0.99": 4.933862171401776e-05, "0.98": 4.933862171401776e-05, "0.97": 4.933862171401776e-05, "0.96": 4.933862171401776e-05, "0.95": 4.933862171401776e-05, "0.94": 4.933862171401776e-05, "0.93": 4.933862171401776e-05, "0.92": 4.933862171401776e-05, "0.91": 4.933862171401776e-05, "0.9": 4.933862171401776e-05, "0.89": 4.933862171401776e-05, "0.88": 4.933862171401776e-05, "0.87": 4.933862171401776e-05, "0.86": 4.933862171401776e-05, "0.85": 4.933862171401776e-05, "0.84": 4.933862171401776e-05, "0.83": 4.933862171401776e-05, "0.82": 4.933862171401776e-05, "0.81": 4.933862171401776e-05, "0.8": 4.933862171401776e-05, "0.79": 4.933862171401776e-05, "0.78": 4.933862171401776e-05, "0.77": 4.933862171401776e-05, "0.76": 4.933862171401776e-05, "0.75": 4.933862171401776e-05, "0.74": 4.933862171401776e-05, "0.73": 4.933862171401776e-05, "0.72": 4.933862171401776e-05, "0.71": 4.933862171401776e-05, "0.7": 4.933862171401776e-05, "0.69": 4.933862171401776e-05, "0.68": 4.933862171401776e-05, "0.67": 4.933862171401776e-05, "0.66": 4.933862171401776e-05, "0.65": 4.933862171401776e-05, "0.64": 4.933862171401776e-05, "0.63": 4.933862171401776e-05, "0.62": 4.933862171401776e-05, "0.61": 4.933862171401776e-05, "0.6": 4.933862171401776e-05, "0.59": 4.933862171401776e-05, "0.58": 4.933862171401776e-05, "0.57": 4.933862171401776e-05, "0.56": 4.933862171401776e-05, "0.55": 4.933862171401776e-05, "0.54": 4.933862171401776e-05, "0.53": 4.933862171401776e-05, "0.52": 4.933862171401776e-05, "0.51": 4.933862171401776e-05, "0.5": 4.933862171401776e-05, "0.49": 4.933862171401776e-05, "0.48": 4.933862171401776e-05, "0.47": 4.933862171401776e-05, "0.46": 4.933862171401776e-05, "0.45": 4.933862171401776e-05, "0.44": 4.933862171401776e-05, "0.43": 4.933862171401776e-05, "0.42": 4.933862171401776e-05, "0.41": 4.933862171401776e-05, "0.4": 4.933862171401776e-05, "0.39": 4.933862171401776e-05, "0.38": 4.933862171401776e-05, "0.37": 4.933862171401776e-05, "0.36": 4.933862171401776e-05, "0.35": 4.933862171401776e-05, "0.34": 4.933862171401776e-05, "0.33": 4.933862171401776e-05, "0.32": 4.933862171401776e-05, "0.31": 4.933862171401776e-05, "0.3": 4.933862171401776e-05, "0.29": 4.933862171401776e-05, "0.28": 4.933862171401776e-05, "0.27": 4.933862171401776e-05, "0.26": 4.933862171401776e-05, "0.25": 4.933862171401776e-05, "0.24": 4.933862171401776e-05, "0.23": 4.933862171401776e-05, "0.22": 4.933862171401776e-05, "0.21": 4.934747989454748e-05, "0.2": 5.031557865623682e-05, "0.19": 5.3928247982870366e-05, "0.18": 6.466763920309593e-05, "0.17": 6.855859522896577e-05, "0.16": 6.51866553735635e-05, "0.15": 0.00011193885418919119, "0.14": 0.00038337841741308205, "0.13": 4.064482776181228e-05, "0.12": 2.50501002004008e-06, "0.11": 5.589714924538849e-06, "0.1": 0.0, "0.09": 0.0, "0.08": 0.0, "0.07": 0.0, "0.06": 0.0, "0.05": 0.0, "0.04": 0.0, "0.03": 0.0, "0.02": 0.0, "0.01": 0.0}, "avg_best_top_k": 1437.3641025641025, "avg_best_distance_threshold": 0.04705263157894713}