{"config": {"dataset": "data/dataset/split/small_train.jsonl", "table": "lib", "target_column": "bge_norm", "metric": "vector_cosine_ops", "embedder": "BAAI/bge-small-en", "normalize": true, "enrichment": "identity", "batch_size": 16, "top_k": 100000}, "averages": {"1.0": 0.0019749938981722384, "0.99": 0.0019749938981722384, "0.98": 0.0019749938981722384, "0.97": 0.0019749938981722384, "0.96": 0.0019749938981722384, "0.95": 0.0019749938981722384, "0.94": 0.0019749938981722384, "0.93": 0.0019749938981722384, "0.92": 0.0019749938981722384, "0.91": 0.0019749938981722384, "0.9": 0.0019749938981722384, "0.89": 0.0019749938981722384, "0.88": 0.0019749938981722384, "0.87": 0.0019749938981722384, "0.86": 0.0019749938981722384, "0.85": 0.0019749938981722384, "0.84": 0.0019749938981722384, "0.83": 0.0019749938981722384, "0.82": 0.0019749938981722384, "0.81": 0.0019749938981722384, "0.8": 0.0019749938981722384, "0.79": 0.0019749938981722384, "0.78": 0.0019749938981722384, "0.77": 0.0019749938981722384, "0.76": 0.0019749938981722384, "0.75": 0.0019749938981722384, "0.74": 0.0019749938981722384, "0.73": 0.0019749938981722384, "0.72": 0.0019749938981722384, "0.71": 0.0019749938981722384, "0.7": 0.0019749938981722384, "0.69": 0.0019749938981722384, "0.68": 0.0019749938981722384, "0.67": 0.0019749938981722384, "0.66": 0.0019749938981722384, "0.65": 0.0019749938981722384, "0.64": 0.0019749938981722384, "0.63": 0.0019749938981722384, "0.62": 0.0019749938981722384, "0.61": 0.0019749938981722384, "0.6": 0.0019749938981722384, "0.59": 0.0019749938981722384, "0.58": 0.0019749938981722384, "0.57": 0.0019749938981722384, "0.56": 0.0019749938981722384, "0.55": 0.0019749938981722384, "0.54": 0.0019749938981722384, "0.53": 0.0019749938981722384, "0.52": 0.0019749938981722384, "0.51": 0.0019749938981722384, "0.5": 0.0019749938981722384, "0.49": 0.0019749938981722384, "0.48": 0.0019749938981722384, "0.47": 0.0019749938981722384, "0.46": 0.0019749938981722384, "0.45": 0.0019749938981722384, "0.44": 0.0019749938981722384, "0.43": 0.0019749938981722384, "0.42": 0.0019749938981722384, "0.41": 0.0019749938981722384, "0.4": 0.0019749938981722384, "0.39": 0.0019749938981722384, "0.38": 0.0019749938981722384, "0.37": 0.0019749938981722384, "0.36": 0.0019749938981722384, "0.35": 0.0019749938981722384, "0.34": 0.0019749938981722384, "0.33": 0.0019749938981722384, "0.32": 0.0019749938981722384, "0.31": 0.0019749938981722384, "0.3": 0.0019749938981722384, "0.29": 0.0019749938981722384, "0.28": 0.0019749938981722384, "0.27": 0.0019749938981722384, "0.26": 0.0019749938981722384, "0.25": 0.0019749938981722384, "0.24": 0.0019749938981722384, "0.23": 0.0019749938981722384, "0.22": 0.0019749938981722384, "0.21": 0.0019749938981722384, "0.2": 0.0019749938981722384, "0.19": 0.0019749938981722384, "0.18": 0.0019749938981722384, "0.17": 0.0019749938981722384, "0.16": 0.0019749938981722384, "0.15": 0.0018515371080487814, "0.14": 0.0018515371080487814, "0.13": 0.0018515371080487814, "0.12": 0.0018515371080487814, "0.11": 0.0016820455826250524, "0.1": 0.0031634181229980183, "0.09": 0.01106187103240463, "0.08": 0.05938263229308005, "0.07": 0.10340085021255314, "0.06": 0.0, "0.05": 0.0, "0.04": 0.0, "0.03": 0.0, "0.02": 0.0, "0.01": 0.0}, "avg_best_top_k": 484.5, "avg_best_distance_threshold": 0.0, "best_top_ks": [59, 125, 103, 875, 830, 1, 4, 812, 1017, 1019]}