{
  "config": {
    "bge_reranker": 1.0
  },
  "top_k": 200,
  "rrf_k": 60,
  "average_stats": {
    "hitrate": [
      0.2802171700033933,
      0.3290125551408212,
      0.40393620631150323,
      0.4380047505938242,
      0.4760773668137089,
      0.5003732609433322,
      0.5260264675941636,
      0.5440108585001696,
      0.5640312181879877,
      0.5793688496776382,
      0.5945028842891076,
      0.6069222938581609,
      0.6194095690532745,
      0.6299287410926366,
      0.6409908381404819,
      0.6503562945368171,
      0.6597217509331523,
      0.666779776043434,
      0.6747879199185612,
      0.6815744825246013,
      0.6877502544960977,
      0.6941974889718358,
      0.6997624703087886,
      0.7053274516457414,
      0.7112317611129962,
      0.7157787580590431,
      0.7213437393959959,
      0.7247370206990159,
      0.7300984051577876,
      0.7353919239904988,
      0.7385816084153376,
      0.7419748897183577,
      0.7458432304038005,
      0.7493043773328809,
      0.752019002375297,
      0.7549372242958942,
      0.7568374618255853,
      0.7592806243637598,
      0.7620631150322362,
      0.7653206650831353,
      0.768306752629793,
      0.7707499151679674,
      0.7739395995928062,
      0.7762470308788598,
      0.7788259246691551,
      0.7814726840855107,
      0.7838479809976246,
      0.7862911435357991,
      0.7876484560570072,
      0.7895486935866983,
      0.7919918561248728,
      0.7939599592806243,
      0.7957923311842552,
      0.7980318968442484,
      0.7997285374957585,
      0.8014251781472684,
      0.803053953172718,
      0.8045469969460468,
      0.8064472344757381,
      0.8082796063793688,
      0.8100441126569392,
      0.811537156430268,
      0.8133695283338989,
      0.8150661689854088,
      0.8168985408890397,
      0.8192059721750933,
      0.8211062097047845,
      0.8225992534781134,
      0.8239565659993213,
      0.8247709535120461,
      0.8266711910417374,
      0.8280963691890058,
      0.8288428910756702,
      0.8300644723447573,
      0.8317611129962674,
      0.8333220223956566,
      0.8348150661689854,
      0.835765184933831,
      0.8365795724465558,
      0.8380047505938242,
      0.8392941974889718,
      0.8407872412623006,
      0.8419409569053274,
      0.8431625381744147,
      0.8440447913131999,
      0.8451985069562267,
      0.8463522225992535,
      0.8473702069901595,
      0.8487275195113675,
      0.8500169664065151,
      0.8509670851713607,
      0.8520529351883271,
      0.8528673227010519,
      0.8540889039701391,
      0.8547675602307431,
      0.8554462164913471,
      0.8563963352561927,
      0.857278588394978,
      0.8584323040380047,
      0.85931455717679,
      0.8601968103155752,
      0.8610790634543604,
      0.8616219884628435,
      0.8625721072276892,
      0.8637936884967764,
      0.8646759416355616,
      0.8653545978961656,
      0.8660332541567696,
      0.8671869697997964,
      0.868137088564642,
      0.8685442823210044,
      0.8692908042076688,
      0.8699694604682728,
      0.8703766542246352,
      0.8713946386155412,
      0.8726162198846285,
      0.87288768238887,
      0.8736342042755344,
      0.8743128605361384,
      0.8752629793009841,
      0.8760095011876484,
      0.8765524261961316,
      0.8775025449609772,
      0.8781812012215813,
      0.8787241262300645,
      0.8792670512385476,
      0.8797421106209705,
      0.8805564981336953,
      0.8811672887682389,
      0.8814387512724805,
      0.8817102137767221,
      0.8823210044112657,
      0.8829996606718697,
      0.8839497794367153,
      0.8844248388191381,
      0.8852392263318629,
      0.8857142857142857,
      0.8862572107227689,
      0.8867322701051917,
      0.8876823888700374,
      0.8880895826263997,
      0.8887682388870037,
      0.8892432982694265,
      0.8896504920257889,
      0.8897183576518494,
      0.8901934170342721,
      0.8905327451645741,
      0.8908042076688157,
      0.8913471326772989,
      0.8915507295554802,
      0.8919579233118425,
      0.8922293858160841,
      0.8929080420766882,
      0.8935866983372922,
      0.894061757719715,
      0.8946725483542586,
      0.895079742110621,
      0.8955548014930438,
      0.8958941296233458,
      0.8963013233797081,
      0.8967085171360706,
      0.8968442483881914,
      0.8975229046487954,
      0.8979300984051578,
      0.8982694265354598,
      0.8984051577875806,
      0.8985408890397014,
      0.8989480827960638,
      0.8992874109263658,
      0.8993552765524262,
      0.8998982015609094,
      0.9001017984390906,
      0.9004411265693926,
      0.9007804546996946,
      0.9012555140821175,
      0.9017305734645402,
      0.9020699015948422,
      0.9020699015948422,
      0.9022734984730234,
      0.9026806922293859,
      0.9028164234815066,
      0.9031557516118086,
      0.9036308109942314,
      0.9039701391245334,
      0.904241601628775,
      0.9047166610111979,
      0.9050559891414999,
      0.9053274516457415,
      0.9055989141499831,
      0.9058025110281642,
      0.9059382422802851,
      0.9061418391584662,
      0.906277570410587,
      0.9065490329148287,
      0.9067526297930099,
      0.9068883610451306,
      0.9070919579233119,
      0.9074991516796742,
      0.9077027485578555,
      0.9079742110620971
    ],