{"config": {"dataset": "data/dataset/100/nontrivial.jsonl", "table": "lib", "target_column": "bge", "metric": "vector_cosine_ops", "embedder": "BAAI/bge-small-en", "normalize": true, "enrichment": "add_abstract_prev_3", "batch_size": 16, "top_k": 10000}, "averages": {"1.0": 0.0004461741109999534, "0.99": 0.0004461741109999534, "0.98": 0.0004461741109999534, "0.97": 0.0004461741109999534, "0.96": 0.0004461741109999534, "0.95": 0.0004461741109999534, "0.94": 0.0004461741109999534, "0.93": 0.0004461741109999534, "0.92": 0.0004461741109999534, "0.91": 0.0004461741109999534, "0.9": 0.0004461741109999534, "0.89": 0.0004461741109999534, "0.88": 0.0004461741109999534, "0.87": 0.0004461741109999534, "0.86": 0.0004461741109999534, "0.85": 0.0004461741109999534, "0.84": 0.0004461741109999534, "0.83": 0.0004461741109999534, "0.82": 0.0004461741109999534, "0.81": 0.0004461741109999534, "0.8": 0.0004461741109999534, "0.79": 0.0004461741109999534, "0.78": 0.0004461741109999534, "0.77": 0.0004461741109999534, "0.76": 0.0004461741109999534, "0.75": 0.0004461741109999534, "0.74": 0.0004461741109999534, "0.73": 0.0004461741109999534, "0.72": 0.0004461741109999534, "0.71": 0.0004461741109999534, "0.7": 0.0004461741109999534, "0.69": 0.0004461741109999534, "0.68": 0.0004461741109999534, "0.67": 0.0004461741109999534, "0.66": 0.0004461741109999534, "0.65": 0.0004461741109999534, "0.64": 0.0004461741109999534, "0.63": 0.0004461741109999534, "0.62": 0.0004461741109999534, "0.61": 0.0004461741109999534, "0.6": 0.0004461741109999534, "0.59": 0.0004461741109999534, "0.58": 0.0004461741109999534, "0.57": 0.0004461741109999534, "0.56": 0.0004461741109999534, "0.55": 0.0004461741109999534, "0.54": 0.0004461741109999534, "0.53": 0.0004461741109999534, "0.52": 0.0004461741109999534, "0.51": 0.0004461741109999534, "0.5": 0.0004461741109999534, "0.49": 0.0004461741109999534, "0.48": 0.0004461741109999534, "0.47": 0.0004461741109999534, "0.46": 0.0004461741109999534, "0.45": 0.0004461741109999534, "0.44": 0.0004461741109999534, "0.43": 0.0004461741109999534, "0.42": 0.0004461741109999534, "0.41": 0.0004461741109999534, "0.4": 0.0004461741109999534, "0.39": 0.0004461741109999534, "0.38": 0.0004461741109999534, "0.37": 0.0004461741109999534, "0.36": 0.0004461741109999534, "0.35": 0.0004461741109999534, "0.34": 0.0004461741109999534, "0.33": 0.0004461741109999534, "0.32": 0.0004461741109999534, "0.31": 0.0004461741109999534, "0.3": 0.0004461741109999534, "0.29": 0.0004461741109999534, "0.28": 0.0004461741109999534, "0.27": 0.0004461741109999534, "0.26": 0.0004461741109999534, "0.25": 0.0004461741109999534, "0.24": 0.0004461741109999534, "0.23": 0.0004461741109999534, "0.22": 0.0004461741109999534, "0.21": 0.0004461741109999534, "0.2": 0.0004461741109999534, "0.19": 0.0004461741109999534, "0.18": 0.0004461741109999534, "0.17": 0.0004461741109999534, "0.16": 0.0004461741109999534, "0.15": 0.0004461741109999534, "0.14": 0.0004461741109999534, "0.13": 0.0004488391719395268, "0.12": 0.00047317740386538935, "0.11": 0.0005613083352614368, "0.1": 0.0009296571429876767, "0.09": 0.0015444475247109219, "0.08": 0.006088020829958803, "0.07": 0.008559443454109621, "0.06": 0.010332486929007663, "0.05": 0.025250358835032585, "0.04": 0.023273809523809526, "0.03": 0.015, "0.02": 0.0, "0.01": 0.0}}