{"config": {"dataset": "data/dataset/split/train.jsonl", "table": "lib", "target_column": "bge_norm", "metric": "vector_cosine_ops", "embedder": "BAAI/bge-small-en", "normalize": true, "enrichment": "identity", "batch_size": 16, "top_k": 10000}, "averages": {"1.0": 0.0017579701981841138, "0.99": 0.0017579701981841138, "0.98": 0.0017579701981841138, "0.97": 0.0017579701981841138, "0.96": 0.0017579701981841138, "0.95": 0.0017579701981841138, "0.94": 0.0017579701981841138, "0.93": 0.0017579701981841138, "0.92": 0.0017579701981841138, "0.91": 0.0017579701981841138, "0.9": 0.0017579701981841138, "0.89": 0.0017579701981841138, "0.88": 0.0017579701981841138, "0.87": 0.0017579701981841138, "0.86": 0.0017579701981841138, "0.85": 0.0017579701981841138, "0.84": 0.0017579701981841138, "0.83": 0.0017579701981841138, "0.82": 0.0017579701981841138, "0.81": 0.0017579701981841138, "0.8": 0.0017579701981841138, "0.79": 0.0017579701981841138, "0.78": 0.0017579701981841138, "0.77": 0.0017579701981841138, "0.76": 0.0017579701981841138, "0.75": 0.0017579701981841138, "0.74": 0.0017579701981841138, "0.73": 0.0017579701981841138, "0.72": 0.0017579701981841138, "0.71": 0.0017579701981841138, "0.7": 0.0017579701981841138, "0.69": 0.0017579701981841138, "0.68": 0.0017579701981841138, "0.67": 0.0017579701981841138, "0.66": 0.0017579701981841138, "0.65": 0.0017579701981841138, "0.64": 0.0017579701981841138, "0.63": 0.0017579701981841138, "0.62": 0.0017579701981841138, "0.61": 0.0017579701981841138, "0.6": 0.0017579701981841138, "0.59": 0.0017579701981841138, "0.58": 0.0017579701981841138, "0.57": 0.0017579701981841138, "0.56": 0.0017579701981841138, "0.55": 0.0017579701981841138, "0.54": 0.0017579701981841138, "0.53": 0.0017579701981841138, "0.52": 0.0017579701981841138, "0.51": 0.0017579701981841138, "0.5": 0.0017579701981841138, "0.49": 0.0017579701981841138, "0.48": 0.0017579701981841138, "0.47": 0.0017579701981841138, "0.46": 0.0017579701981841138, "0.45": 0.0017579701981841138, "0.44": 0.0017579701981841138, "0.43": 0.0017579701981841138, "0.42": 0.0017579701981841138, "0.41": 0.0017579701981841138, "0.4": 0.0017579701981841138, "0.39": 0.0017579701981841138, "0.38": 0.0017579701981841138, "0.37": 0.0017579701981841138, "0.36": 0.0017579701981841138, "0.35": 0.0017579701981841138, "0.34": 0.0017579701981841138, "0.33": 0.0017579701981841138, "0.32": 0.0017579701981841138, "0.31": 0.0017579701981841138, "0.3": 0.0017579701981841138, "0.29": 0.0017579701981841138, "0.28": 0.0017579701981841138, "0.27": 0.0017579701981841138, "0.26": 0.0017579701981841138, "0.25": 0.0017579701981841138, "0.24": 0.0017579701981841138, "0.23": 0.0017579701981841138, "0.22": 0.0017595340850004122, "0.21": 0.0017521405189758583, "0.2": 0.0017982979939359957, "0.19": 0.00175283688124889, "0.18": 0.001925841339853063, "0.17": 0.0017094183236136928, "0.16": 0.0019358826163144605, "0.15": 0.004061770104572032, "0.14": 0.010552527194600318, "0.13": 0.006722223298410085, "0.12": 0.0061907776781351415, "0.11": 0.006883823991400754, "0.1": 0.013880942546197752, "0.09": 0.018931546979756807, "0.08": 0.023613870970519805, "0.07": 0.01886253371122814, "0.06": 0.013906811931457586, "0.05": 0.005806310254163015, "0.04": 0.0, "0.03": 0.0, "0.02": 0.0, "0.01": 0.0}, "avg_best_top_k": 455.1042944785276, "avg_best_distance_threshold": 0.0, "best_top_ks": [125, 847, 11, 917, 297, 676, 894, 250, 876, 123, 1018, 132, 139, 4, 9, 49, 877, 1024, 945, 424, 1044, 6, 166, 63, 72, 990, 17, 98, 7, 399, 885, 1, 925, 5, 1041, 867, 114, 938, 159, 390, 43, 923, 951, 770, 922, 2, 830, 106, 1045, 39, 966, 1011, 406, 42, 1025, 18, 4, 316, 49, 85, 944, 1004, 986, 368, 190, 99, 733, 905, 10, 853, 985, 952, 78, 1021, 632, 69, 6, 4, 1105, 5, 91, 1012, 1024, 4, 313, 929, 1, 36, 900, 951, 937, 395, 36, 56, 1012, 55, 1031, 923, 1067, 2, 751, 34, 2, 31, 60, 696, 1007, 2, 28, 1015, 61, 926, 6, 860, 290, 5, 10, 293, 445, 17, 971, 875, 274, 269, 36, 430, 237, 2, 32, 1021, 66, 5, 984, 85, 4, 183, 83, 293, 6, 492, 15, 955, 789, 969, 974, 1041, 2, 384, 4, 184, 375, 930, 2, 9, 934, 845, 918, 21, 516, 1045, 148, 160, 31, 58, 3, 148, 6, 398, 1, 2, 59, 125, 842, 828, 745, 109, 767, 3, 947, 944, 490, 930, 1029, 453, 967, 177, 141, 936, 4, 229, 1007, 1018, 28, 863, 29, 47, 700, 20, 15, 379, 427, 7, 40, 843, 19, 4, 286, 881, 15, 1017, 966, 1027, 152, 1, 1017, 847, 1056, 1040, 164, 944, 4, 1075, 1024, 53, 704, 135, 26, 559, 2, 2, 316, 472, 840, 32, 760, 1028, 924, 990, 924, 17, 1, 935, 1019, 411, 1018, 1, 1, 477, 857, 1026, 811, 103, 812, 969, 83, 26, 325, 589, 23, 683, 57, 1017, 7, 209, 57, 793, 43, 1, 877, 42, 950, 9, 241, 189, 793, 901, 487, 1023, 393, 530, 453, 976, 853, 2, 56, 54, 37, 945, 905, 514, 673, 753, 379, 125, 17, 3, 129, 839, 66, 5, 250, 1053, 936, 102, 961, 408, 306, 777, 141, 4, 77, 774, 43, 938, 316, 2, 137, 223, 1036, 870, 1023, 921, 10, 132, 2, 1023]}