{
  "config": {
    "dataset": "data/dataset/split/train.jsonl",
    "table": "lib",
    "target_column": "bge_large_norm",
    "metric": "vector_cosine_ops",
    "embedder": "BAAI/bge-large-en-v1.5",
    "normalize": true,
    "enrichment": "identity",
    "batch_size": 16,
    "top_k": 100
  },
  "averages": {
    "1.0": 0.02804689593063149,
    "0.99": 0.02804689593063149,
    "0.98": 0.02804689593063149,
    "0.97": 0.02804689593063149,
    "0.96": 0.02804689593063149,
    "0.95": 0.02804689593063149,
    "0.94": 0.02804689593063149,
    "0.93": 0.02804689593063149,
    "0.92": 0.02804689593063149,
    "0.91": 0.02804689593063149,
    "0.9": 0.02804689593063149,
    "0.89": 0.02804689593063149,
    "0.88": 0.02804689593063149,
    "0.87": 0.02804689593063149,
    "0.86": 0.02804689593063149,
    "0.85": 0.02804689593063149,
    "0.84": 0.02804689593063149,
    "0.83": 0.02804689593063149,
    "0.82": 0.02804689593063149,
    "0.81": 0.02804689593063149,
    "0.8": 0.02804689593063149,
    "0.79": 0.02804689593063149,
    "0.78": 0.02804689593063149,
    "0.77": 0.02804689593063149,
    "0.76": 0.02804689593063149,
    "0.75": 0.02804689593063149,
    "0.74": 0.02804689593063149,
    "0.73": 0.02804689593063149,
    "0.72": 0.02804689593063149,
    "0.71": 0.02804689593063149,
    "0.7": 0.02804689593063149,
    "0.69": 0.02804689593063149,
    "0.68": 0.02804689593063149,
    "0.67": 0.02804689593063149,
    "0.66": 0.02804689593063149,
    "0.65": 0.02804689593063149,
    "0.64": 0.02804689593063149,
    "0.63": 0.02804689593063149,
    "0.62": 0.02804689593063149,
    "0.61": 0.02804689593063149,
    "0.6": 0.02804689593063149,
    "0.59": 0.02804689593063149,
    "0.58": 0.02804689593063149,
    "0.57": 0.02804689593063149,
    "0.56": 0.02804689593063149,
    "0.55": 0.02804689593063149,
    "0.54": 0.02804689593063149,
    "0.53": 0.02804689593063149,
    "0.52": 0.02804689593063149,
    "0.51": 0.02804689593063149,
    "0.5": 0.02804689593063149,
    "0.49": 0.02804689593063149,
    "0.48": 0.02804689593063149,
    "0.47": 0.02804689593063149,
    "0.46": 0.02804689593063149,
    "0.45": 0.02804689593063149,
    "0.44": 0.02804689593063149,
    "0.43": 0.02804689593063149,
    "0.42": 0.02820757369867122,
    "0.41": 0.028923320119939123,
    "0.4": 0.029434567563701903,
    "0.39": 0.029434567563701903,
    "0.38": 0.029434567563701903,
    "0.37": 0.031152358974744835,
    "0.36": 0.03196686910673963,
    "0.35": 0.03210669336062588,
    "0.34": 0.029454361252438895,
    "0.33": 0.030510421828767818,
    "0.32": 0.031855865028117145,
    "0.31": 0.039378400465712705,
    "0.3": 0.037046081226528645,
    "0.29": 0.038008013349378186,
    "0.28": 0.0387849953972644,
    "0.27": 0.03774495436324917,
    "0.26": 0.04740511693958981,
    "0.25": 0.03175874368821797,
    "0.24": 0.0387952391298404,
    "0.23": 0.047411234389303336,
    "0.22": 0.04503072903415919,
    "0.21": 0.04207469087886614,
    "0.2": 0.029780981862469087,
    "0.19": 0.02961440508546287,
    "0.18": 0.029095184641125142,
    "0.17": 0.02884571779154194,
    "0.16": 0.014440491116376616,
    "0.15": 0.016356505984441855,
    "0.14": 0.020053232518925126,
    "0.13": 0.012730061349693253,
    "0.12": 0.0025562372188139056,
    "0.11": 0.0010224948875255623,
    "0.1": 0.0,
    "0.09": 0.0,
    "0.08": 0.0,
    "0.07": 0.0,
    "0.06": 0.0,
    "0.05": 0.0,
    "0.04": 0.0,
    "0.03": 0.0,
    "0.02": 0.0,
    "0.01": 0.0
  },
  "avg_best_top_k": 22.987730061349694,
  "avg_best_distance_threshold": 0.0,
  "best_top_ks": [
    26, 27, 29, 27, 7, 15, 34, 32, 42, 37, 5, 2, 40, 2, 12, 1, 1, 2, 36, 40, 41, 27, 7, 45, 37, 3,
    1, 25, 3, 43, 41, 14, 36, 5, 20, 5, 32, 39, 14, 24, 28, 7, 34, 35, 3, 28, 1, 40, 18, 45, 33, 31,
    45, 33, 13, 41, 12, 20, 1, 40, 29, 39, 21, 1, 40, 9, 34, 39, 39, 38, 26, 16, 18, 31, 28, 3, 8,
    6, 43, 14, 40, 3, 1, 45, 2, 1, 34, 41, 32, 38, 40, 3, 29, 35, 29, 37, 41, 1, 18, 40, 4, 5, 5, 1,
    30, 8, 2, 3, 40, 2, 40, 34, 24, 34, 42, 42, 40, 38, 43, 1, 2, 37, 25, 2, 7, 30, 15, 41, 3, 4,
    42, 2, 3, 38, 18, 1, 43, 41, 35, 29, 13, 8, 7, 1, 38, 39, 34, 9, 32, 42, 35, 4, 34, 10, 11, 39,
    41, 42, 3, 5, 38, 43, 1, 41, 2, 2, 34, 1, 10, 48, 1, 44, 9, 26, 36, 25, 29, 38, 37, 5, 38, 38,
    35, 38, 5, 20, 13, 37, 30, 33, 5, 10, 41, 40, 30, 3, 4, 31, 26, 19, 46, 22, 37, 6, 2, 41, 40,
    26, 12, 23, 31, 24, 14, 40, 11, 42, 18, 8, 33, 44, 41, 43, 29, 1, 9, 37, 2, 18, 1, 1, 1, 32, 24,
    33, 40, 8, 41, 24, 1, 37, 2, 41, 9, 23, 1, 29, 3, 40, 23, 40, 22, 33, 1, 30, 1, 38, 10, 29, 2,
    17, 1, 48, 41, 34, 29, 1, 41, 24, 32, 2, 10, 1, 37, 14, 44, 4, 41, 14, 28, 41, 38, 1, 35, 3, 24,
    42, 34, 28, 25, 10, 28, 13, 15, 36, 1, 49, 35, 35, 26, 24, 11, 17, 38, 40, 5, 30, 41, 1, 27, 1,
    29, 13, 2, 29, 16, 2, 30, 5, 3, 4, 40, 41, 42, 39, 6, 8
  ]
}
