{"config": {"dataset": "data/dataset/100/nontrivial.jsonl", "table": "lib", "target_column": "bge_norm", "metric": "vector_cosine_ops", "embedder": "BAAI/bge-small-en", "normalize": true, "enrichment": "add_prev_7", "batch_size": 16, "top_k": 10000}, "averages": {"1.0": 0.00041509411708354427, "0.99": 0.00041509411708354427, "0.98": 0.00041509411708354427, "0.97": 0.00041509411708354427, "0.96": 0.00041509411708354427, "0.95": 0.00041509411708354427, "0.94": 0.00041509411708354427, "0.93": 0.00041509411708354427, "0.92": 0.00041509411708354427, "0.91": 0.00041509411708354427, "0.9": 0.00041509411708354427, "0.89": 0.00041509411708354427, "0.88": 0.00041509411708354427, "0.87": 0.00041509411708354427, "0.86": 0.00041509411708354427, "0.85": 0.00041509411708354427, "0.84": 0.00041509411708354427, "0.83": 0.00041509411708354427, "0.82": 0.00041509411708354427, "0.81": 0.00041509411708354427, "0.8": 0.00041509411708354427, "0.79": 0.00041509411708354427, "0.78": 0.00041509411708354427, "0.77": 0.00041509411708354427, "0.76": 0.00041509411708354427, "0.75": 0.00041509411708354427, "0.74": 0.00041509411708354427, "0.73": 0.00041509411708354427, "0.72": 0.00041509411708354427, "0.71": 0.00041509411708354427, "0.7": 0.00041509411708354427, "0.69": 0.00041509411708354427, "0.68": 0.00041509411708354427, "0.67": 0.00041509411708354427, "0.66": 0.00041509411708354427, "0.65": 0.00041509411708354427, "0.64": 0.00041509411708354427, "0.63": 0.00041509411708354427, "0.62": 0.00041509411708354427, "0.61": 0.00041509411708354427, "0.6": 0.00041509411708354427, "0.59": 0.00041509411708354427, "0.58": 0.00041509411708354427, "0.57": 0.00041509411708354427, "0.56": 0.00041509411708354427, "0.55": 0.00041509411708354427, "0.54": 0.00041509411708354427, "0.53": 0.00041509411708354427, "0.52": 0.00041509411708354427, "0.51": 0.00041509411708354427, "0.5": 0.00041509411708354427, "0.49": 0.00041509411708354427, "0.48": 0.00041509411708354427, "0.47": 0.00041509411708354427, "0.46": 0.00041509411708354427, "0.45": 0.00041509411708354427, "0.44": 0.00041509411708354427, "0.43": 0.00041509411708354427, "0.42": 0.00041509411708354427, "0.41": 0.00041509411708354427, "0.4": 0.00041509411708354427, "0.39": 0.00041509411708354427, "0.38": 0.00041509411708354427, "0.37": 0.00041509411708354427, "0.36": 0.00041509411708354427, "0.35": 0.00041509411708354427, "0.34": 0.00041509411708354427, "0.33": 0.00041509411708354427, "0.32": 0.00041509411708354427, "0.31": 0.00041509411708354427, "0.3": 0.00041509411708354427, "0.29": 0.00041509411708354427, "0.28": 0.00041509411708354427, "0.27": 0.00041509411708354427, "0.26": 0.00041509411708354427, "0.25": 0.00041509411708354427, "0.24": 0.00041509411708354427, "0.23": 0.00041509411708354427, "0.22": 0.00041509411708354427, "0.21": 0.00041509411708354427, "0.2": 0.00041509411708354427, "0.19": 0.00041509411708354427, "0.18": 0.00041509411708354427, "0.17": 0.00041509411708354427, "0.16": 0.00041509411708354427, "0.15": 0.0004261827307793303, "0.14": 0.00047392462003247884, "0.13": 0.0006280928346821189, "0.12": 0.0010961190921748288, "0.11": 0.0005514986836467202, "0.1": 0.0012851638329522957, "0.09": 0.003925425353236625, "0.08": 0.010336344589731317, "0.07": 0.011462337727356024, "0.06": 0.026858353192812677, "0.05": 0.03137016844611738, "0.04": 0.05127946127946128, "0.03": 0.01, "0.02": 0.0, "0.01": 0.0}, "avg_best_top_k": 1502.56, "avg_best_distance_threshold": 0.05499999999999929}