{
  "config": {
    "dataset": "data/dataset/small/nontrivial.jsonl",
    "table": "astrobert",
    "metric": "vector_cosine_ops",
    "embedder": "adsabs/astroBERT",
    "normalize": false,
    "enrichment": "identity",
    "batch_size": 16
  },
  "averages": {
    "1.0": 7.20876585928489e-5,
    "0.99": 7.20876585928489e-5,
    "0.98": 7.20876585928489e-5,
    "0.97": 7.20876585928489e-5,
    "0.96": 7.20876585928489e-5,
    "0.95": 7.20876585928489e-5,
    "0.94": 7.20876585928489e-5,
    "0.93": 7.20876585928489e-5,
    "0.92": 7.20876585928489e-5,
    "0.91": 7.20876585928489e-5,
    "0.9": 7.20876585928489e-5,
    "0.89": 7.20876585928489e-5,
    "0.88": 7.20876585928489e-5,
    "0.87": 7.20876585928489e-5,
    "0.86": 7.20876585928489e-5,
    "0.85": 7.20876585928489e-5,
    "0.84": 7.20876585928489e-5,
    "0.83": 7.20876585928489e-5,
    "0.82": 7.20876585928489e-5,
    "0.81": 7.20876585928489e-5,
    "0.8": 7.20876585928489e-5,
    "0.79": 7.20876585928489e-5,
    "0.78": 7.20876585928489e-5,
    "0.77": 7.20876585928489e-5,
    "0.76": 7.20876585928489e-5,
    "0.75": 7.20876585928489e-5,
    "0.74": 7.20876585928489e-5,
    "0.73": 7.20876585928489e-5,
    "0.72": 7.20876585928489e-5,
    "0.71": 7.20876585928489e-5,
    "0.7": 7.20876585928489e-5,
    "0.69": 7.20876585928489e-5,
    "0.68": 7.20876585928489e-5,
    "0.67": 7.20876585928489e-5,
    "0.66": 7.20876585928489e-5,
    "0.65": 7.20876585928489e-5,
    "0.64": 7.20876585928489e-5,
    "0.63": 7.20876585928489e-5,
    "0.62": 7.20876585928489e-5,
    "0.61": 7.20876585928489e-5,
    "0.6": 7.20876585928489e-5,
    "0.59": 7.20876585928489e-5,
    "0.58": 7.20876585928489e-5,
    "0.57": 7.20876585928489e-5,
    "0.56": 7.20876585928489e-5,
    "0.55": 7.20876585928489e-5,
    "0.54": 7.20876585928489e-5,
    "0.53": 7.20876585928489e-5,
    "0.52": 7.20876585928489e-5,
    "0.51": 7.20876585928489e-5,
    "0.5": 7.20876585928489e-5,
    "0.49": 7.20876585928489e-5,
    "0.48": 7.20876585928489e-5,
    "0.47": 7.20876585928489e-5,
    "0.46": 7.20876585928489e-5,
    "0.45": 7.20876585928489e-5,
    "0.44": 7.20876585928489e-5,
    "0.43": 7.20876585928489e-5,
    "0.42": 7.20876585928489e-5,
    "0.41": 7.20876585928489e-5,
    "0.4": 7.20876585928489e-5,
    "0.39": 7.20876585928489e-5,
    "0.38": 7.20876585928489e-5,
    "0.37": 7.20876585928489e-5,
    "0.36": 7.20876585928489e-5,
    "0.35": 7.217090069284065e-5,
    "0.34": 7.233796296296296e-5,
    "0.33": 7.259001161440186e-5,
    "0.32": 7.318501170960187e-5,
    "0.31": 7.378984651711924e-5,
    "0.3": 7.476076555023923e-5,
    "0.29": 7.621951219512195e-5,
    "0.28": 7.921419518377693e-5,
    "0.27": 0.0,
    "0.26": 0.0,
    "0.25": 0.0,
    "0.24": 0.0,
    "0.23": 0.0,
    "0.22": 0.0,
    "0.21": 0.0,
    "0.2": 0.0,
    "0.19": 0.0,
    "0.18": 0.0,
    "0.17": 0.0,
    "0.16": 0.0,
    "0.15": 0.0,
    "0.14": 0.0,
    "0.13": 0.0,
    "0.12": 0.0,
    "0.11": 0.0,
    "0.1": 0.0,
    "0.09": 0.0,
    "0.08": 0.0,
    "0.07": 0.0,
    "0.06": 0.0,
    "0.05": 0.0,
    "0.04": 0.0,
    "0.03": 0.0,
    "0.02": 0.0,
    "0.01": 0.0
  }
}
